id,Tipo, Asignatura,GRUPO,PE,SEMESTRE,Horas a la semana,Modalidad,Créditos,MODELO,NOMBRE(S),APELLIDOS,LIC MEFI,LCC MEFI,LIS MEFI,LA MEFI,LEM MEFI,LM cupo,CUPO MAX,Lunes,Aula1,Martes,Aula2,Miércoles,Aula3,Jueves,Aula4,Viernes,Aula5,Actualizado
ARQ-1,Obligatoria,Análisis y crítica de la arquitectura a través de la historia A,A-MEFI,ARQ,,,Regular,6,MEFI,GLADYS NOEMÍ,ARANA LÓPEZ,,,,,,,,15:00 - 18:00,VIRTUAL,,,,,,,,,
ARQ-2,Obligatoria,Análisis y crítica de la arquitectura a través de la historia A,C-MEFI,ARQ,,,Regular,6,MEFI,GLADYS NOEMÍ,ARANA LÓPEZ,,,,,,,,15:00 - 18:00,VIRTUAL,,,,,,,,,
ARQ-3,Obligatoria,Análisis y crítica de la arquitectura a través de la historia A,D-MEFI,ARQ,,,Regular,6,MEFI,ROSANGELA,BRAVO CHANG,,,,,,,,7:00 - 10:00,48 C,,,,,,,,,
ARQ-4,Obligatoria,Análisis y crítica de la arquitectura a través de la historia A,B-MEFI,ARQ,,,Regular,6,MEFI,GRACIELA DEL CARMEN,PERAZA CONTRERAS,,,,,,,,10:00 - 13:00,MUSEO 2,,,,,,,,,
ARQ-5,Obligatoria,Análisis y crítica de la arquitectura a través de la historia A,ACO,ARQ,,,Regular,6,MEFI,GLADYS NOEMÍ,ARANA LÓPEZ,,,,,,,,21:00 - 22:00,sala de maestros - convento,,,,,,,,,
ARQ-6,Obligatoria,Análisis y crítica de la arquitectura a través de la historia B,B-MEFI,ARQ,,,Regular,6,MEFI,ELVIA MARIA,GONZALEZ CANTO,,,,,,,,7:00 - 10:00,AULA VERDE,,,,,,,,,
ARQ-7,Obligatoria,Análisis y crítica de la arquitectura a través de la historia B,D-MEFI,ARQ,,,Regular,6,MEFI,FERNANDO,CAMPOS SANTOYO,,,,,,,,7:00 - 10:00,48 C,,,,,,,,,
ARQ-8,Obligatoria,Análisis y crítica de la arquitectura a través de la historia B,ACOM,ARQ,,,Regular,6,MEFI,ELVIA MARIA,GONZALEZ CANTO,,,,,,,,21:00 - 22:00,sala de maestros - convento,,,,,,,,,
ARQ-9,Obligatoria,Análisis y crítica de la arquitectura a través de la historia B,A-MEFI,ARQ,,,Regular,6,MEFI,GLADYS NOEMÍ,ARANA LÓPEZ,,,,,,,,15:00 - 18:00,VIRTUAL,,,,,,,,,
ARQ-10,Obligatoria,Análisis y crítica de la arquitectura a través de la historia B,C-MEFI,ARQ,,,Regular,6,MEFI,CINDY JANET,ARCILA GONZALEZ,,,,,,,,7:00 - 10:00,VIRTUAL,,,,,,,,,
ARQ-11,Obligatoria,Análisis y crítica de la arquitectura a través de la historia C,C-MEFI,ARQ,,,Regular,6,MEFI,RUBI ELINA,RUIZ Y SABIDO,,,,,,,,13:00 - 16:00,57-3,,,,,,,,,
ARQ-12,Obligatoria,Análisis y crítica de la arquitectura a través de la historia C,B-MEFI,ARQ,,,Regular,6,MEFI,RUBI ELINA,RUIZ Y SABIDO,,,,,,,,13:00 - 16:00,57-3,,,,,,,,,
ARQ-13,Obligatoria,Análisis y crítica de la arquitectura a través de la historia C,A-MEFI,ARQ,,,Regular,6,MEFI,ILEANA GUADALUPE,GONGORA HERNANDEZ,,,,,,,,16:00 - 19:00,48 A,,,,,,,,,
ARQ-14,Obligatoria,Análisis y crítica de la arquitectura a través de la historia C,D-MEFI,ARQ,,,Regular,6,MEFI,YURI ALEJANDRINA,ALEJOS PECH,,,,,,,,11:00 - 14:00,48 C,,,,,,,,,
ARQ-15,Obligatoria,Análisis y crítica de la arquitectura a través de la historia C,ACO,ARQ,,,Regular,6,MEFI,RUBI ELINA,RUIZ Y SABIDO,,,,,,,,21:00 - 22:00,sala de maestros - convento,,,,,,,,,
ARQ-16,Obligatoria,Análisis y crítica de la conservación del patrimonio cultural edificado,B-MEFI,ARQ,,,Regular,6,MEFI,YURI ALEJANDRINA,ALEJOS PECH,,,,,,,,14:00 - 17:00,48 C,,,,,,,,,
ARQ-17,Obligatoria,Análisis y crítica de la conservación del patrimonio cultural edificado,A-MEFI,ARQ,,,Regular,6,MEFI,BLANCA ESTHER,PAREDES GUERRERO,,,,,,,,11:00 - 14:00,AULA VERDE,,,,,,,,,
ARQ-18,Obligatoria,Análisis y crítica de la conservación del patrimonio cultural edificado,C-MEFI,ARQ,,,Regular,6,MEFI,MELISSA DEL ROSARIO,RAMÍREZ TORRES,,,,,,,,15:00 - 18:00,AULA MAGNA,,,,,,,,,
ARQ-19,Obligatoria,Análisis y crítica de la conservación del patrimonio cultural edificado,D-MEFI,ARQ,,,Regular,6,MEFI,MARISOL DEL CARMEN,ORDAZ TAMAYO,,,,,,,,15:00 - 16:30,AULA VERDE,15:00 - 16:30,AULA VERDE,,,,,,,
ARQ-20,Obligatoria,Análisis y crítica de la conservación del patrimonio cultural edificado,ACO,ARQ,,,Regular,6,MEFI,BLANCA ESTHER,PAREDES GUERRERO,,,,,,,,21:00 - 22:00,sala de maestros - convento,,,,,,,,,
ARQ-21,Obligatoria,Análisis y crítica de la conservación del patrimonio cultural edificado,ACO,ARQ,,,Regular,6,MEFI,MELISSA DEL ROSARIO,RAMÍREZ TORRES,,,,,,,,21:00 - 22:00,sala de maestros - convento,,,,,,,,,
ARQ-22,Obligatoria,Análisis y crítica de la conservación del patrimonio cultural edificado,ACOMP,ARQ,,,Regular,6,MEFI,MARISOL DEL CARMEN,ORDAZ TAMAYO,,,,,,,,21:00 - 22:00,sala de maestros - convento,,,,,,,,,
ARQ-23,Obligatoria,Composición arquitectonica,A-MEFI,ARQ,,,Regular,8,MEFI,MANUEL ANTONIO,CANTO CASTRO,,,,,,,,10:00 - 12:00,AULA MAGNA,10:00 - 12:00,AULA MAGNA,,,,,,,
ARQ-24,Obligatoria,Composición arquitectonica,B-MEFI,ARQ,,,Regular,8,MEFI,LUZ AURORA,GRACIDA ALVAREZ,,,,,,,,16:00 - 18:00,Biblioteca-3er. piso,16:00 - 18:00,Biblioteca-3er. piso,,,,,,,
ARQ-25,Obligatoria,Composición arquitectonica,D-MEFI,ARQ,,,Regular,8,MEFI,ILEANA,JIMENEZ FAJARDO,,,,,,,,10:00 - 12:00,MUSEO 4,10:00 - 12:00,MUSEO 4,,,,,,,
ARQ-26,Obligatoria,Composición arquitectonica,ACO,ARQ,,,Regular,8,MEFI,ILEANA,JIMENEZ FAJARDO,,,,,,,,21:00 - 22:00,sala de maestros - convento,,,,,,,,,
ARQ-27,Obligatoria,Composición arquitectonica,ACOM,ARQ,,,Regular,8,MEFI,LUZ AURORA,GRACIDA ALVAREZ,,,,,,,,21:00 - 22:00,sala de maestros - convento,,,,,,,,,
ARQ-28,Obligatoria,Composición arquitectonica,C-MEFI,ARQ,,,Regular,8,MEFI,LUZ AURORA,GRACIDA ALVAREZ,,,,,,,,18:00 - 20:00,Biblioteca-3er. piso,18:00 - 20:00,Biblioteca-3er. piso,,,,,,,
ARQ-29,Obligatoria,Costos de construcción,A-MEFI,ARQ,,,Regular,6,MEFI,JORGE ROLANDO,GARDUÑO CENTENO,,,,,,,,12:00 - 13:30,Biblioteca-3er. piso,12:00 - 13:30,Biblioteca-3er. piso,,,,,,,
ARQ-30,Obligatoria,Costos de construcción,B-MEFI,ARQ,,,Regular,6,MEFI,JORGE ROLANDO,GARDUÑO CENTENO,,,,,,,,10:00 - 11:30,Biblioteca-3er. piso,10:00 - 11:30,Biblioteca-3er. piso,,,,,,,
ARQ-31,Obligatoria,Costos de construcción,C-MEFI,ARQ,,,Regular,6,MEFI,JULIO ERNESTO,NOVELO GOMEZ,,,,,,,,16:00 - 19:00,TALLER VERDE,,,,,,,,,
ARQ-32,Obligatoria,Costos de construcción,D-MEFI,ARQ,,,Regular,6,MEFI,JORGE ALEJANDRO,LOPÉZ KUK,,,,,,,,10:00 - 13:00,57-1,,,,,,,,,
ARQ-33,Obligatoria,Cultura maya,D-MEFI,ARQ,,,Regular,6,MEFI,AURELIO,SANCHEZ SUAREZ,,,,,,,,9:00 - 12:00,VIRTUAL,,,,,,,,,
ARQ-34,Obligatoria,Cultura maya,A-MEFI,ARQ,,,Regular,6,MEFI,ANA ROSA,DUARTE DUARTE,,,,,,,,9:00 - 12:00,48 B,,,,,,,,,
ARQ-35,Obligatoria,Cultura maya,C-MEFI,ARQ,,,Regular,6,MEFI,MAESTRO,POR DEFINIR,,,,,,,,15:00 - 18:00,VIRTUAL,,,,,,,,,
ARQ-36,Obligatoria,Dibujo arquitectónico mediante software,D-MEFI,ARQ,,,Regular,6,MEFI,ERIDANI BEATRIZ,MAGAÑA MEDINA,,,,,,,,7:00 - 9:00,MUSEO 2,7:00 - 9:00,COMPUTO 2,,,,,,,
ARQ-37,Obligatoria,Dibujo arquitectónico mediante software,A-MEFI,ARQ,,,Regular,6,MEFI,JORGE ERNESTO,RUZ SANGUINO,,,,,,,,7:00 - 9:00,COMPUTO 2,7:00 - 9:00,COMPUTO 2,,,,,,,
ARQ-38,Obligatoria,Dibujo arquitectónico mediante software,C-MEFI,ARQ,,,Regular,6,MEFI,JORGE ERNESTO,RUZ SANGUINO,,,,,,,,7:00 - 9:00,COMPUTO 2,7:00 - 9:00,COMPUTO 2,,,,,,,
ARQ-39,Obligatoria,Dibujo arquitectónico mediante software,B-MEFI,ARQ,,,Regular,6,MEFI,GERARDO,CARRERA ORDAZ,,,,,,,,9:00 - 11:00,COMPUTO 2,9:00 - 11:00,COMPUTO 2,,,,,,,
ARQ-40,Obligatoria,Dibujo arquitectónico,A-MEFI,ARQ,,,Regular,6,MEFI,IRVING RODRIGO,RIVERO BAEZA,,,,,,,,8:00 - 10:00,TALLER AZUL,8:00 - 10:00,TALLER AZUL,,,,,,,
ARQ-41,Obligatoria,Dibujo arquitectónico,D-MEFI,ARQ,,,Regular,6,MEFI,MARISSA,ELJURE FAJARDO,,,,,,,,9:00 - 11:00,TALLER VERDE,9:00 - 11:00,TALLER VERDE,,,,,,,
ARQ-42,Obligatoria,Dibujo arquitectónico,B-MEFI,ARQ,,,Regular,6,MEFI,MARISSA,ELJURE FAJARDO,,,,,,,,7:00 - 9:00,TALLER VERDE,7:00 - 9:00,TALLER VERDE,,,,,,,
ARQ-43,Obligatoria,Dibujo arquitectónico,C-MEFI,ARQ,,,Regular,6,MEFI,GASPAR EMILIO,SEGURA LOPEZ,,,,,,,,10:00 - 12:00,TALLER AZUL,10:00 - 12:00,TALLER AZUL,,,,,,,
ARQ-44,Obligatoria,Dibujo arquitectónico,E-MEFI,ARQ,,,Regular,6,MEFI,GERARDO,CARRERA ORDAZ,,,,,,,,7:00 - 9:00,BOVEDA 1,7:00 - 9:00,BOVEDA 1,,,,,,,
ARQ-45,Obligatoria,Dibujo arquitectónico,ACO,ARQ,,,Regular,6,MEFI,IRVING RODRIGO,RIVERO BAEZA,,,,,,,,21:00 - 22:00,sala de maestros - convento,,,,,,,,,
ARQ-46,Obligatoria,Dibujo arquitectónico,ACOMP,ARQ,,,Regular,6,MEFI,GASPAR EMILIO,SEGURA LOPEZ,,,,,,,,21:00 - 22:00,sala de maestros - convento,,,,,,,,,
ARQ-47,Obligatoria,Dibujo arquitectónico,ACOM,ARQ,,,Regular,6,MEFI,MARISSA,ELJURE FAJARDO,,,,,,,,21:00 - 22:00,sala de maestros - convento,,,,,,,,,
ARQ-48,Obligatoria,Diseño y construcción de estructuras de acero y madera,B-MEFI,ARQ,,,Regular,6,MEFI,ADRIAN,FERNANDEZ OJEDA,,,,,,,,13:00 - 16:00,AULA AZUL,,,,,,,,,
ARQ-49,Obligatoria,Diseño y construcción de estructuras de acero y madera,A-MEFI,ARQ,,,Regular,6,MEFI,MAESTRO,POR DEFINIR,,,,,,,,18:00 - 21:00,AULA MAGNA,,,,,,,,,
ARQ-50,Obligatoria,Diseño y construcción de estructuras de acero y madera,C-MEFI,ARQ,,,Regular,6,MEFI,ADRIAN,FERNANDEZ OJEDA,,,,,,,,16:00 - 19:00,TALLER AZUL,,,,,,,,,
ARQ-51,Obligatoria,Diseño y construcción de estructuras de acero y madera,ACO,ARQ,,,Regular,6,MEFI,ADRIAN,FERNANDEZ OJEDA,,,,,,,,21:00 - 22:00,sala de maestros - convento,,,,,,,,,
ARQ-52,Obligatoria,Diseño y construcción de estructuras de concreto reforzado,C-MEFI,ARQ,,,Regular,6,MEFI,ADRIAN,FERNANDEZ OJEDA,,,,,,,,12:00 - 15:00,Biblioteca-3er. piso,,,,,,,,,
ARQ-53,Obligatoria,Diseño y construcción de estructuras de concreto reforzado,A-MEFI,ARQ,,,Regular,6,MEFI,ADRIAN,FERNANDEZ OJEDA,,,,,,,,9:00 - 12:00,MUSEO 4,,,,,,,,,
ARQ-54,Obligatoria,Diseño y construcción de estructuras de concreto reforzado,D-MEFI,ARQ,,,Regular,6,MEFI,DAVID ISRAEL,HU CIAU,,,,,,,,10:00 - 13:00,Biblioteca-3er. piso,,,,,,,,,
ARQ-55,Obligatoria,Diseño y construcción de estructuras de concreto reforzado,B-MEFI,ARQ,,,Regular,6,MEFI,ADRIAN,FERNANDEZ OJEDA,,,,,,,,9:00 - 12:00,Biblioteca-3er. piso,,,,,,,,,
ARQ-56,Obligatoria,Estructuras básicas,C-MEFI,ARQ,,,Regular,6,MEFI,DAVID ISRAEL,HU CIAU,,,,,,,,11:00 - 14:00,AULA VERDE,,,,,,,,,
ARQ-57,Obligatoria,Estructuras básicas,D-MEFI,ARQ,,,Regular,6,MEFI,DAVID ISRAEL,HU CIAU,,,,,,,,7:00 - 10:00,MUSEO 1,,,,,,,,,
ARQ-58,Obligatoria,Estructuras básicas,A-MEFI,ARQ,,,Regular,6,MEFI,JORGE ROLANDO,GARDUÑO CENTENO,,,,,,,,7:00 - 10:00,Biblioteca-3er. piso,,,,,,,,,
ARQ-59,Obligatoria,Estructuras básicas,B-MEFI,ARQ,,,Regular,6,MEFI,JORGE ROLANDO,GARDUÑO CENTENO,,,,,,,,7:00 - 10:00,Biblioteca-3er. piso,,,,,,,,,
ARQ-60,Obligatoria,Estructuras básicas,ACO,ARQ,,,Regular,6,MEFI,JORGE ROLANDO,GARDUÑO CENTENO,,,,,,,,21:00 - 22:00,sala de maestros - convento,,,,,,,,,
ARQ-61,Obligatoria,Formación de emprendedores,D-MEFI,ARQ,,,Regular,6,MEFI,DIANA CAROLINA,VEGA BASTO,,,,,,,,16:00 - 19:00,VIRTUAL,,,,,,,,,
ARQ-62,Obligatoria,Formación de emprendedores,C-MEFI,ARQ,,,Regular,6,MEFI,HECTOR,CABAÑAS MARRUFO,,,,,,,,18:00 - 21:00,MUSEO 5,,,,,,,,,
ARQ-63,Obligatoria,Formación de emprendedores,A-MEFI,ARQ,,,Regular,6,MEFI,JUAN FERNANDO,VIANA CHÁVEZ,,,,,,,,10:00 - 13:00,48 C,,,,,,,,,
ARQ-64,Obligatoria,Formación de emprendedores,B-MEFI,ARQ,,,Regular,6,MEFI,DIANA CAROLINA,VEGA BASTO,,,,,,,,16:00 - 19:00,VIRTUAL,,,,,,,,,
ARQ-65,Obligatoria,Formación de emprendedores,ACO,ARQ,,,Regular,6,MEFI,JUAN FERNANDO,VIANA CHÁVEZ,,,,,,,,21:00 - 22:00,sala de maestros - convento,,,,,,,,,
ARQ-66,Obligatoria,Geometría en la arquitectura,A-MEFI,ARQ,,,Regular,8,MEFI,JOSE LUIS,COCOM HERRERA,,,,,,,,7:00 - 10:00,TALLER AZUL,7:00 - 10:00,TALLER AZUL,,,,,,,
ARQ-67,Obligatoria,Geometría en la arquitectura,E-MEFI,ARQ,,,Regular,8,MEFI,JUAN FERNANDO,VIANA CHÁVEZ,,,,,,,,13:00 - 16:00,TALLER VERDE,13:00 - 16:00,TALLER VERDE,,,,,,,
ARQ-68,Obligatoria,Geometría en la arquitectura,B-MEFI,ARQ,,,Regular,8,MEFI,JUAN FERNANDO,VIANA CHÁVEZ,,,,,,,,13:00 - 16:00,TALLER AZUL,13:00 - 16:00,TALLER AZUL,,,,,,,
ARQ-69,Obligatoria,Geometría en la arquitectura,D-MEFI,ARQ,,,Regular,8,MEFI,JOSE LUIS,COCOM HERRERA,,,,,,,,11:00 - 14:00,TALLER AZUL,11:00 - 14:00,TALLER AZUL,,,,,,,
ARQ-70,Obligatoria,Geometría en la arquitectura,C-MEFI,ARQ,,,Regular,8,MEFI,JOSE LUIS,COCOM HERRERA,,,,,,,,12:00 - 15:00,BOVEDA 1,12:00 - 15:00,BOVEDA 1,,,,,,,
ARQ-71,Obligatoria,Geometría en la arquitectura,ACO,ARQ,,,Regular,8,MEFI,JOSE LUIS,COCOM HERRERA,,,,,,,,21:00 - 22:00,sala de maestros - convento,,,,,,,,,
ARQ-72,Obligatoria,Geometría en la arquitectura,ACOM,ARQ,,,Regular,8,MEFI,JUAN FERNANDO,VIANA CHÁVEZ,,,,,,,,21:00 - 22:00,sala de maestros - convento,,,,,,,,,
ARQ-73,Obligatoria,Gestión y normativa,B-MEFI,ARQ,,,Regular,4,MEFI,EDGAR POU,CHAPARRO,,,,,,,,17:00 - 19:00,AULA MAGNA,,,,,,,,,
ARQ-74,Obligatoria,Gestión y normativa,C-MEFI,ARQ,,,Regular,4,MEFI,EDGAR POU,CHAPARRO,,,,,,,,19:00 - 21:00,AULA MAGNA,,,,,,,,,
ARQ-75,Obligatoria,Gestión y normativa,A-MEFI,ARQ,,,Regular,4,MEFI,JORGE ALEJANDRO,LOPÉZ KUK,,,,,,,,13:00 - 15:00,57-1,,,,,,,,,
ARQ-76,Obligatoria,Gestión y normativa,D-MEFI,ARQ,,,Regular,4,MEFI,JORGE ALEJANDRO,LOPÉZ KUK,,,,,,,,13:00 - 15:00,MUSEO 4,,,,,,,,,
ARQ-77,Obligatoria,Iluminación e instalaciones eléctricas,A-MEFI,ARQ,,,Regular,6,MEFI,JULIO ERNESTO,NOVELO GOMEZ,,,,,,,,16:00 - 20:00,TALLER VERDE,,,,,,,,,
ARQ-78,Obligatoria,Iluminación e instalaciones eléctricas,B-MEFI,ARQ,,,Regular,6,MEFI,JUAN FERNANDO,VIANA CHÁVEZ,,,,,,,,10:00 - 12:00,48 D,10:00 - 12:00,48 D,,,,,,,
ARQ-79,Obligatoria,Iluminación e instalaciones eléctricas,C-MEFI,ARQ,,,Regular,6,MEFI,ANA LESLIE DEL CARMEN,ESCALANTE CANTO,,,,,,,,15:00 - 17:00,MUSEO 4,15:00 - 17:00,MUSEO 4,,,,,,,
ARQ-80,Obligatoria,Iluminación e instalaciones eléctricas,D-MEFI,ARQ,,,Regular,6,MEFI,IGNACIO ANTONIO,PERALTA MUÑOZ,,,,,,,,18:00 - 20:00,AUDIOVISUAL,18:00 - 20:00,AUDIOVISUAL,,,,,,,
ARQ-81,Obligatoria,Iluminación e instalaciones eléctricas,ACO,ARQ,,,Regular,6,MEFI,IGNACIO ANTONIO,PERALTA MUÑOZ,,,,,,,,21:00 - 22:00,sala de maestros - convento,,,,,,,,,
ARQ-82,Obligatoria,Instalaciones hidráulicas y sanitarias,B-MEFI,ARQ,,,Regular,6,MEFI,ADRIAN RENE,CONTRERAS MANZANILLA,,,,,,,,10:00 - 12:00,AULA MAGNA,10:00 - 12:00,AULA MAGNA,,,,,,,
ARQ-83,Obligatoria,Instalaciones hidráulicas y sanitarias,C-MEFI,ARQ,,,Regular,6,MEFI,MARIANA,RIANCHO ESCALANTE,,,,,,,,16:00 - 18:00,57-1,16:00 - 18:00,57-1,,,,,,,
ARQ-84,Obligatoria,Instalaciones hidráulicas y sanitarias,D-MEFI,ARQ,,,Regular,6,MEFI,JULIO ERNESTO,NOVELO GOMEZ,,,,,,,,18:00 - 20:00,MUSEO 2,18:00 - 20:00,MUSEO 2,,,,,,,
ARQ-85,Obligatoria,Instalaciones hidráulicas y sanitarias,A-MEFI,ARQ,,,Regular,6,MEFI,JUAN FERNANDO,VIANA CHÁVEZ,,,,,,,,16:00 - 18:00,48 D,16:00 - 18:00,48 D,,,,,,,
ARQ-86,Obligatoria,Instalaciones hidráulicas y sanitarias,ACO,ARQ,,,Regular,6,MEFI,JUAN FERNANDO,VIANA CHÁVEZ,,,,,,,,21:00 - 22:00,sala de maestros - convento,,,,,,,,,
ARQ-87,Obligatoria,Instalaciones hidráulicas y sanitarias,ACOM,ARQ,,,Regular,6,MEFI,ADRIAN RENE,CONTRERAS MANZANILLA,,,,,,,,21:00 - 22:00,sala de maestros - convento,,,,,,,,,
ARQ-88,Obligatoria,Introducción a las estructuras,A-MEFI,ARQ,,,Regular,6,MEFI,LUIS ALEJANDRO,GONGORA GARCIA,,,,,,,,10:00 - 12:00,MUSEO 3,10:00 - 12:00,MUSEO 3,,,,,,,
ARQ-89,Obligatoria,Introducción a las estructuras,D-MEFI,ARQ,,,Regular,6,MEFI,JORGE ROLANDO,GARDUÑO CENTENO,,,,,,,,7:00 - 9:00,MUSEO 4,7:00 - 9:00,MUSEO 4,,,,,,,
ARQ-90,Obligatoria,Introducción a las estructuras,B-MEFI,ARQ,,,Regular,6,MEFI,ISIS ELIZABETH,RODRIGUEZ PEREZ,,,,,,,,10:00 - 12:00,MUSEO 2,10:00 - 12:00,MUSEO 2,,,,,,,
ARQ-91,Obligatoria,Introducción a las estructuras,C-MEFI,ARQ,,,Regular,6,MEFI,ISIS ELIZABETH,RODRIGUEZ PEREZ,,,,,,,,8:00 - 10:00,MUSEO 2,8:00 - 10:00,MUSEO 2,,,,,,,
ARQ-92,Obligatoria,Introducción a las estructuras,ACO,ARQ,,,Regular,6,MEFI,ISIS ELIZABETH,RODRIGUEZ PEREZ,,,,,,,,21:00 - 22:00,sala de maestros - convento,,,,,,,,,
ARQ-93,Obligatoria,Introducción a las estructuras,ACOM,ARQ,,,Regular,6,MEFI,LUIS ALEJANDRO,GONGORA GARCIA,,,,,,,,21:00 - 22:00,sala de maestros - convento,,,,,,,,,
ARQ-94,Obligatoria,Percepción y comunicación del espacio,B-MEFI,ARQ,,,Regular,8,MEFI,IRVING RODRIGO,RIVERO BAEZA,,,,,,,,10:00 - 12:00,MUSEO 2,10:00 - 12:00,MUSEO 2,,,,,,,
ARQ-95,Obligatoria,Percepción y comunicación del espacio,D-MEFI,ARQ,,,Regular,8,MEFI,ILEANA,JIMENEZ FAJARDO,,,,,,,,12:00 - 14:00,MUSEO 4,12:00 - 14:00,MUSEO 4,,,,,,,
ARQ-96,Obligatoria,Percepción y comunicación del espacio,C-MEFI,ARQ,,,Regular,8,MEFI,MAELLA MINAKSI,GONZALEZ CETZ,,,,,,,,7:00 - 9:00,MUSEO 2,7:00 - 9:00,MUSEO 2,,,,,,,
ARQ-97,Obligatoria,Percepción y comunicación del espacio,A-MEFI,ARQ,,,Regular,8,MEFI,GASPAR EMILIO,SEGURA LOPEZ,,,,,,,,10:00 - 12:00,MUSEO 4,10:00 - 12:00,MUSEO 4,,,,,,,
ARQ-98,Obligatoria,Planeamiento de obra,A-MEFI,ARQ,,,Regular,6,MEFI,JOSE ANTONIO,CHULIM OROZCO,,,,,,,,7:00 - 10:00,48 C,,,,,,,,,
ARQ-99,Obligatoria,Planeamiento de obra,B-MEFI,ARQ,,,Regular,6,MEFI,JOSE ANTONIO,CHULIM OROZCO,,,,,,,,10:00 - 13:00,48 C,,,,,,,,,
ARQ-100,Obligatoria,Planeamiento de obra,C-MEFI,ARQ,,,Regular,6,MEFI,LUCELLY GUADALUPE,CECILIO PUERTO,,,,,,,,11:00 - 14:00,Salón Agencia,,,,,,,,,
ARQ-101,Obligatoria,Planeamiento de obra,ACO,ARQ,,,Regular,6,MEFI,LUCELLY GUADALUPE,CECILIO PUERTO,,,,,,,,21:00 - 22:00,sala de maestros - convento,,,,,,,,,
ARQ-102,Obligatoria,Planeamiento de obra,D-MEFI,ARQ,,,Regular,6,MEFI,LUCELLY GUADALUPE,CECILIO PUERTO,,,,,,,,7:00 - 10:00,48 D,,,,,,,,,
ARQ-103,Obligatoria,Planeamiento urbano regional,A-MEFI,ARQ,,,Regular,6,MEFI,AIDA GEORGINA,MARTINEZ ROSADO,,,,,,,,9:00 - 12:00,MUSEO 3,,,,,,,,,
ARQ-104,Obligatoria,Planeamiento urbano regional,B-MEFI,ARQ,,,Regular,6,MEFI,AIDA GEORGINA,MARTINEZ ROSADO,,,,,,,,9:00 - 12:00,48 C,,,,,,,,,
ARQ-105,Obligatoria,Planeamiento urbano regional,C-MEFI,ARQ,,,Regular,6,MEFI,ROBERTO,REYES PEREZ,,,,,,,,12:00 - 15:00,MUSEO 4,,,,,,,,,
ARQ-106,Obligatoria,Planeamiento urbano regional,D-MEFI,ARQ,,,Regular,6,MEFI,YOLANDA,FERNANDEZ MARTINEZ,,,,,,,,9:00 - 12:00,57-2,,,,,,,,,
ARQ-107,Obligatoria,Practicas profesionales,A,ARQ,,,Regular,10,MEFI,ELVIA MARIA,GONZALEZ CANTO,,,,,,,,21:00 - 22:00,sala de maestros - convento,,,,,,,,,
ARQ-108,Obligatoria,Practicas profesionales,B,ARQ,,,Regular,10,MEFI,,,,,,,,,,,,,,,,,,,,
ARQ-109,Obligatoria,Practicas profesionales,C,ARQ,,,Regular,10,MEFI,,,,,,,,,,,,,,,,,,,,
ARQ-110,Obligatoria,Practicas profesionales,D,ARQ,,,Regular,10,MEFI,,,,,,,,,,,,,,,,,,,,
ARQ-111,Obligatoria,Practicas profesionales,E,ARQ,,,Regular,10,MEFI,,,,,,,,,,,,,,,,,,,,
ARQ-112,Obligatoria,Principios de diseño urbano,D-MEFI,ARQ,,,Regular,8,MEFI,KARLA LETICIA,ALFARO CALDERON,,,,,,,,16:00 - 18:00,VIRTUAL,16:00 - 18:00,VIRTUAL,,,,,,,
ARQ-113,Obligatoria,Principios de diseño urbano,B-MEFI,ARQ,,,Regular,8,MEFI,AIDA GEORGINA,MARTINEZ ROSADO,,,,,,,,7:00 - 9:00,MUSEO 1,7:00 - 9:00,MUSEO 1,,,,,,,
ARQ-114,Obligatoria,Principios de diseño urbano,A-MEFI,ARQ,,,Regular,8,MEFI,AIDA GEORGINA,MARTINEZ ROSADO,,,,,,,,12:00 - 14:00,MUSEO 1,12:00 - 14:00,MUSEO 1,,,,,,,
ARQ-115,Obligatoria,Principios de diseño urbano,C-MEFI,ARQ,,,Regular,8,MEFI,SHEILA ISABEL,IRIGOYEN ZOZAYA,,,,,,,,7:00 - 9:00,AULA MAGNA,7:00 - 9:00,AULA MAGNA,,,,,,,
ARQ-116,Obligatoria,Principios de investigación,A-MEFI,ARQ,,,Regular,6,MEFI,MARIA ELENA,TORRES PEREZ,,,,,,,,9:00 - 12:00,48 A,,,,,,,,,
ARQ-117,Obligatoria,Principios de investigación,D-MEFI,ARQ,,,Regular,6,MEFI,HECTOR,CABAÑAS MARRUFO,,,,,,,,15:00 - 18:00,MUSEO 1,,,,,,,,,
ARQ-118,Obligatoria,Principios de investigación,B-MEFI,ARQ,,,Regular,6,MEFI,ILEANA GUADALUPE,GONGORA HERNANDEZ,,,,,,,,15:00 - 18:00,VIRTUAL,,,,,,,,,
ARQ-119,Obligatoria,Principios de investigación,C-MEFI,ARQ,,,Regular,6,MEFI,MAELLA MINAKSI,GONZALEZ CETZ,,,,,,,,9:00 - 12:00,57-2,,,,,,,,,
ARQ-120,Obligatoria,Procesos de diseño,D-MEFI,ARQ,,,Regular,8,MEFI,JUAN CARLOS,SANCHEZ ARCEO,,,,,,,,10:00 - 12:00,MUSEO 3,10:00 - 12:00,MUSEO 3,,,,,,,
ARQ-121,Obligatoria,Procesos de diseño,C-MEFI,ARQ,,,Regular,8,MEFI,HERNAN F.,GOMEZ AMARO,,,,,,,,7:00 - 9:00,AULA VERDE,7:00 - 9:00,AULA VERDE,,,,,,,
ARQ-122,Obligatoria,Procesos de diseño,A-MEFI,ARQ,,,Regular,8,MEFI,MAELLA MINAKSI,GONZALEZ CETZ,,,,,,,,9:00 - 11:00,AULA VERDE,9:00 - 11:00,AULA VERDE,,,,,,,
ARQ-123,Obligatoria,Procesos de diseño,B-MEFI,ARQ,,,Regular,8,MEFI,GASPAR EMILIO,SEGURA LOPEZ,,,,,,,,7:00 - 9:00,MUSEO 3,7:00 - 9:00,MUSEO 3,,,,,,,
ARQ-124,Obligatoria,Procesos de diseño,ACO,ARQ,,,Regular,8,MEFI,GASPAR EMILIO,SEGURA LOPEZ,,,,,,,,21:00 - 22:00,sala de maestros - convento,,,,,,,,,
ARQ-125,Obligatoria,Proyectos de ciudad,C-MEFI,ARQ,,,Regular,10,MEFI,CARLOS ENRIQUE,LOPEZ CARBAJAL,,,,,,,,10:00 - 13:00,AULA AZUL,10:00 - 13:00,AULA AZUL,,,,,,,
ARQ-126,Obligatoria,Proyectos de ciudad,A-MEFI,ARQ,,,Regular,10,MEFI,ANTONIO IVAN,GUDIÑO GUAL,,,,,,,,13:00 - 16:00,MUSEO 1,13:00 - 16:00,MUSEO 1,,,,,,,
ARQ-127,Obligatoria,Proyectos de ciudad,B-MEFI,ARQ,,,Regular,10,MEFI,SHEILA ISABEL,IRIGOYEN ZOZAYA,,,,,,,,12:00 - 15:00,AULA AZUL,12:00 - 15:00,AULA AZUL,,,,,,,
ARQ-128,Obligatoria,Proyectos de ciudad,D-MEFI,ARQ,,,Regular,10,MEFI,LUIS ANTONIO,LLOVERA RAMIREZ,,,,,,,,15:00 - 18:00,BOVEDA 1,15:00 - 18:00,BOVEDA 1,,,,,,,
ARQ-129,Obligatoria,Proyectos de ciudad,ACOM,ARQ,,,Regular,10,MEFI,LUIS ANTONIO,LLOVERA RAMIREZ,,,,,,,,21:00 - 22:00,sala de maestros - convento,,,,,,,,,
ARQ-130,Obligatoria,Proyectos de ciudad,ACOMP,ARQ,,,Regular,10,MEFI,ANTONIO IVAN,GUDIÑO GUAL,,,,,,,,21:00 - 22:00,sala de maestros - convento,,,,,,,,,
ARQ-131,Obligatoria,Proyectos de conservación del patrimonio construido,B-MEFI,ARQ,,,Regular,10,MEFI,MELISSA DEL ROSARIO,RAMÍREZ TORRES,,,,,,,,10:00 - 13:00,48 D,10:00 - 13:00,48 D,,,,,,,
ARQ-132,Obligatoria,Proyectos de conservación del patrimonio construido,A-MEFI,ARQ,,,Regular,10,MEFI,ROBERTO MAGDALENO,OLMOS,,,,,,,,17:00 - 20:00,AULA AZUL,17:00 - 20:00,AULA AZUL,,,,,,,
ARQ-133,Obligatoria,Proyectos de conservación del patrimonio construido,C-MEFI,ARQ,,,Regular,10,MEFI,ANA LESLIE DEL CARMEN,ESCALANTE CANTO,,,,,,,,18:00 - 21:00,MUSEO 4,18:00 - 21:00,MUSEO 4,,,,,,,
ARQ-134,Obligatoria,Proyectos de conservación del patrimonio construido,D-MEFI,ARQ,,,Regular,10,MEFI,MARISOL DEL CARMEN,ORDAZ TAMAYO,,,,,,,,16:30 - 19:30,AULA VERDE,16:30 - 19:30,AULA VERDE,,,,,,,
ARQ-135,Obligatoria,Proyectos de conservación del patrimonio construido,ACO,ARQ,,,Regular,10,MEFI,MARISOL DEL CARMEN,ORDAZ TAMAYO,,,,,,,,21:00 - 22:00,sala de maestros - convento,,,,,,,,,
ARQ-136,Obligatoria,Proyectos de conservación del patrimonio natural,C-MEFI,ARQ,,,Regular,10,MEFI,MARIA GUADALUPE,DURAN GONZALEZ,,,,,,,,12:00 - 15:00,MUSEO 3,12:00 - 15:00,MUSEO 3,,,,,,,
ARQ-137,Obligatoria,Proyectos de conservación del patrimonio natural,A-MEFI,ARQ,,,Regular,10,MEFI,ROBERTO DE JESUS,NOVELO ZOREDA,,,,,,,,18:00 - 21:00,MUSEO 3,18:00 - 21:00,MUSEO 3,,,,,,,
ARQ-138,Obligatoria,Proyectos de conservación del patrimonio natural,D-MEFI,ARQ,,,Regular,10,MEFI,ARLEES YSRAEL,DIAZ SALAZAR,,,,,,,,15:00 - 18:00,MUSEO 4,15:00 - 18:00,MUSEO 4,,,,,,,
ARQ-139,Obligatoria,Proyectos de conservación del patrimonio natural,B-MEFI,ARQ,,,Regular,10,MEFI,MAESTRO,POR DEFINIR,,,,,,,,17:00 - 20:00,AULA MAGNA,17:00 - 20:00,AULA MAGNA,,,,,,,
ARQ-140,Obligatoria,Proyectos de conservación del patrimonio natural,ACO,ARQ,,,Regular,10,MEFI,MARIA GUADALUPE,DURAN GONZALEZ,,,,,,,,21:00 - 22:00,sala de maestros - convento,,,,,,,,,
ARQ-141,Obligatoria,Proyectos de conservación del patrimonio natural,ACOM,ARQ,,,Regular,10,MEFI,ROBERTO DE JESUS,NOVELO ZOREDA,,,,,,,,21:00 - 22:00,sala de maestros - convento,,,,,,,,,
ARQ-142,Obligatoria,Proyectos de integración,A-MEFI,ARQ,,,Regular,10,MEFI,MAELLA MINAKSI,GONZALEZ CETZ,,,,,,,,11:00 - 14:00,AULA VERDE,11:00 - 14:00,AULA VERDE,,,,,,,
ARQ-143,Obligatoria,Proyectos de integración,D-MEFI,ARQ,,,Regular,10,MEFI,HERNAN F.,GOMEZ AMARO,,,,,,,,7:00 - 10:00,AULA AZUL,7:00 - 10:00,AULA AZUL,,,,,,,
ARQ-144,Obligatoria,Proyectos de integración,C-MEFI,ARQ,,,Regular,10,MEFI,GASPAR EMILIO,SEGURA LOPEZ,,,,,,,,12:00 - 15:00,MUSEO 2,12:00 - 15:00,MUSEO 2,,,,,,,
ARQ-145,Obligatoria,Proyectos de integración,B-MEFI,ARQ,,,Regular,10,MEFI,ANTONIO IVAN,GUDIÑO GUAL,,,,,,,,10:00 - 13:00,MUSEO 1,10:00 - 13:00,MUSEO 1,,,,,,,
ARQ-146,Obligatoria,Proyectos de integración,ACO,ARQ,,,Regular,10,MEFI,MAELLA MINAKSI,GONZALEZ CETZ,,,,,,,,21:00 - 22:00,sala de maestros - convento,,,,,,,,,
ARQ-147,Obligatoria,Proyectos de integración,ACOM,ARQ,,,Regular,10,MEFI,ANTONIO IVAN,GUDIÑO GUAL,,,,,,,,21:00 - 22:00,sala de maestros - convento,,,,,,,,,
ARQ-148,Obligatoria,Proyectos de integración,ACOMPA,ARQ,,,Regular,10,MEFI,GASPAR EMILIO,SEGURA LOPEZ,,,,,,,,21:00 - 22:00,sala de maestros - convento,,,,,,,,,
ARQ-149,Obligatoria,Proyectos de temas especializados,D-MEFI,ARQ,,,Regular,12,MEFI,JOSE ARTURO,CAMPOS RODRIGUEZ,,,,,,,,18:00 - 21:00,MUSEO 2,18:00 - 21:00,MUSEO 2,,,,,,,
ARQ-150,Obligatoria,Proyectos de temas especializados,A-MEFI,ARQ,,,Regular,12,MEFI,ANA LESLIE DEL CARMEN,ESCALANTE CANTO,,,,,,,,18:00 - 21:00,MUSEO 4,18:00 - 21:00,MUSEO 4,,,,,,,
ARQ-151,Obligatoria,Proyectos de temas especializados,B-MEFI,ARQ,,,Regular,12,MEFI,HECTOR,CABAÑAS MARRUFO,,,,,,,,15:00 - 18:00,TALLER AZUL,15:00 - 18:00,TALLER AZUL,,,,,,,
ARQ-152,Obligatoria,Proyectos de temas especializados,C-MEFI,ARQ,,,Regular,12,MEFI,MAESTRO,POR DEFINIR,,,,,,,,18:00 - 21:00,TALLER AZUL,18:00 - 21:00,TALLER AZUL,,,,,,,
ARQ-153,Obligatoria,Proyectos en contextos físicos diversos,A-MEFI,ARQ,,,Regular,12,MEFI,FARABI YUSEF,GAMBOA CASTILLO,,,,,,,,16:00 - 19:00,MUSEO 1,16:00 - 19:00,MUSEO 1,,,,,,,
ARQ-154,Obligatoria,Proyectos en contextos físicos diversos,D-MEFI,ARQ,,,Regular,12,MEFI,MARIA GUADALUPE,DURAN GONZALEZ,,,,,,,,15:00 - 18:00,MUSEO 2,15:00 - 18:00,MUSEO 2,,,,,,,
ARQ-155,Obligatoria,Proyectos en contextos físicos diversos,ACO,ARQ,,,Regular,12,MEFI,FARABI YUSEF,GAMBOA CASTILLO,,,,,,,,21:00 - 22:00,sala de maestros - convento,,,,,,,,,
ARQ-156,Obligatoria,Proyectos en contextos físicos diversos,B-MEFI,ARQ,,,Regular,12,MEFI,ERIC,FAJARDO COLLÍ,,,,,,,,16:00 - 19:00,Biblioteca-3er. piso,16:00 - 19:00,Biblioteca-3er. piso,,,,,,,
ARQ-157,Obligatoria,Proyectos en contextos físicos diversos,ACOM,ARQ,,,Regular,12,MEFI,MARIA GUADALUPE,DURAN GONZALEZ,,,,,,,,21:00 - 22:00,sala de maestros - convento,,,,,,,,,
ARQ-158,Obligatoria,Responsabilidad social universitaria,A-MEFI,ARQ,,,Regular,6,MEFI,MAESTRO,POR DEFINIR,,,,,,,,15:00 - 18:00,VIRTUAL,,,,,,,,,
ARQ-159,Obligatoria,Servicio social,A,ARQ,,,Regular,12,MEFI,ELVIA MARIA,GONZALEZ CANTO,,,,,,,,21:00 - 22:00,sala de maestros - convento,,,,,,,,,
ARQ-160,Obligatoria,Servicio social,B,ARQ,,,Regular,12,MEFI,,,,,,,,,,,,,,,,,,,,
ARQ-161,Obligatoria,Servicio social,C,ARQ,,,Regular,12,MEFI,,,,,,,,,,,,,,,,,,,,
ARQ-162,Obligatoria,Servicio social,D,ARQ,,,Regular,12,MEFI,,,,,,,,,,,,,,,,,,,,
ARQ-163,Obligatoria,Servicio social,E-MEFI,ARQ,,,Regular,12,MEFI,,,,,,,,,,,,,,,,,,,,
ARQ-164,Obligatoria,Servicio social,F,ARQ,,,Regular,12,MEFI,,,,,,,,,,,,,,,,,,,,
ARQ-165,Obligatoria,Supervisión de obra,A-MEFI,ARQ,,,Regular,4,MEFI,HERNAN F.,GOMEZ AMARO,,,,,,,,7:00 - 10:00,Salón Agencia,,,,,,,,,
ARQ-166,Obligatoria,Supervisión de obra,B-MEFI,ARQ,,,Regular,4,MEFI,RAÚL MARCIAL,CARDEÑA RUZ,,,,,,,,7:00 - 10:00,57-4,,,,,,,,,
ARQ-167,Obligatoria,Supervisión de obra,C-MEFI,ARQ,,,Regular,4,MEFI,JOSE ANTONIO,CHULIM OROZCO,,,,,,,,7:00 - 10:00,48 D,,,,,,,,,
ARQ-168,Obligatoria,Sustentabilidad en el diseño urbano arquitectónico,B-MEFI,ARQ,,,Regular,8,MEFI,NOEMI MARCELA,LORIA BOTE,,,,,,,,11:00 - 13:00,VIRTUAL,11:00 - 13:00,VIRTUAL,,,,,,,
ARQ-169,Obligatoria,Sustentabilidad en el diseño urbano arquitectónico,C-MEFI,ARQ,,,Regular,8,MEFI,ARLEES YSRAEL,DIAZ SALAZAR,,,,,,,,16:00 - 18:00,VIRTUAL,16:00 - 18:00,VIRTUAL,,,,,,,
ARQ-170,Obligatoria,Sustentabilidad en el diseño urbano arquitectónico,A-MEFI,ARQ,,,Regular,8,MEFI,IGNACIO ANTONIO,PERALTA MUÑOZ,,,,,,,,18:00 - 20:00,48 D,18:00 - 20:00,48 D,,,,,,,
ARQ-171,Obligatoria,Sustentabilidad en el diseño urbano arquitectónico,D-MEFI,ARQ,,,Regular,8,MEFI,ARLEES YSRAEL,DIAZ SALAZAR,,,,,,,,8:00 - 10:00,VIRTUAL,8:00 - 10:00,VIRTUAL,,,,,,,
ARQ-172,Obligatoria,Sustentabilidad en el diseño urbano arquitectónico,ACO,ARQ,,,Regular,8,MEFI,IGNACIO ANTONIO,PERALTA MUÑOZ,,,,,,,,21:00 - 22:00,sala de maestros - convento,,,,,,,,,
ARQ-173,Obligatoria,Sustentabilidad en el diseño urbano arquitectónico,ACOM,ARQ,,,Regular,8,MEFI,ARLEES YSRAEL,DIAZ SALAZAR,,,,,,,,21:00 - 22:00,sala de maestros - convento,,,,,,,,,
ARQ-174,Obligatoria,Taller de materiales y elementos constructivos,C-MEFI,ARQ,,,Regular,8,MEFI,RAÚL MARCIAL,CARDEÑA RUZ,,,,,,,,9:00 - 11:00,MUSEO 1,9:00 - 11:00,MUSEO 1,,,,,,,
ARQ-175,Obligatoria,Taller de materiales y elementos constructivos,B-MEFI,ARQ,,,Regular,8,MEFI,ISIS ELIZABETH,RODRIGUEZ PEREZ,,,,,,,,7:00 - 9:00,MUSEO 3,7:00 - 9:00,MUSEO 3,,,,,,,
ARQ-176,Obligatoria,Taller de materiales y elementos constructivos,A-MEFI,ARQ,,,Regular,8,MEFI,RAÚL MARCIAL,CARDEÑA RUZ,,,,,,,,7:00 - 9:00,AULA VERDE,7:00 - 9:00,AULA VERDE,,,,,,,
ARQ-177,Obligatoria,Taller de materiales y elementos constructivos,D-MEFI,ARQ,,,Regular,8,MEFI,LUCELLY GUADALUPE,CECILIO PUERTO,,,,,,,,7:00 - 9:00,MUSEO 1,9:00 - 11:00,MUSEO 1,,,,,,,
ARQ-178,Obligatoria,Taller de materiales y elementos constructivos,ACO,ARQ,,,Regular,8,MEFI,,,,,,,,,,,,,,,,,,,,
ARQ-179,Obligatoria,Taller de materiales y elementos constructivos,ACOM,ARQ,,,Regular,8,MEFI,ISIS ELIZABETH,RODRIGUEZ PEREZ,,,,,,,,21:00 - 22:00,sala de maestros - convento,,,,,,,,,
ARQ-180,Obligatoria,Taller de sistemas constructivos,D-MEFI,ARQ,,,Regular,6,MEFI,RAÚL MARCIAL,CARDEÑA RUZ,,,,,,,,7:00 - 10:00,MUSEO 1,,,,,,,,,
ARQ-181,Obligatoria,Taller de sistemas constructivos,C-MEFI,ARQ,,,Regular,6,MEFI,LUIS ALEJANDRO,GONGORA GARCIA,,,,,,,,12:00 - 15:00,MUSEO 3,,,,,,,,,
ARQ-182,Obligatoria,Taller de sistemas constructivos,B-MEFI,ARQ,,,Regular,6,MEFI,RAÚL MARCIAL,CARDEÑA RUZ,,,,,,,,12:00 - 15:00,MUSEO 3,,,,,,,,,
ARQ-183,Obligatoria,Taller de sistemas constructivos,A-MEFI,ARQ,,,Regular,6,MEFI,LUCELLY GUADALUPE,CECILIO PUERTO,,,,,,,,12:00 - 15:00,MUSEO 2,,,,,,,,,
ARQ-184,Obligatoria,Taller terminal 1,A-MEFI,ARQ,,,Regular,14,MEFI,MARIA GUADALUPE,DURAN GONZALEZ,,,,,,,,17:00 - 20:00,MUSEO 3,17:00 - 20:00,MUSEO 3,,,,,,,
ARQ-185,Obligatoria,Taller terminal 1,B-MEFI,ARQ,,,Regular,14,MEFI,JOSE ARTURO,CAMPOS RODRIGUEZ,,,,,,,,15:00 - 18:00,48 D,17:00 - 18:00,48 D,,,,,,,
ARQ-186,Obligatoria,Taller terminal 1,C-MEFI,ARQ,,,Regular,14,MEFI,JEHOSHUA R.,RAMOS PERAZA,,,,,,,,17:00 - 20:00,MUSEO 1,17:00 - 20:00,MUSEO 1,,,,,,,
ARQ-187,Obligatoria,Taller terminal 1,D-MEFI,ARQ,,,Regular,14,MEFI,RENATA,TERMIGNONI GARCIA,,,,,,,,17:00 - 20:00,AULA AZUL,17:00 - 20:00,AULA AZUL,,,,,,,
ARQ-188,Obligatoria,Taller terminal 1,E-MEFI,ARQ,,,Regular,14,MEFI,HERNAN F.,GOMEZ AMARO,,,,,,,,16:00 - 19:00,Salón Agencia,16:00 - 19:00,Salón Agencia,,,,,,,
ARQ-189,Obligatoria,Taller terminal 2,ACOMP,ARQ,,,Regular,14,MEFI,ADRIAN RENE,CONTRERAS MANZANILLA,,,,,,,,21:00 - 22:00,sala de maestros - convento,,,,,,,,,
ARQ-190,Obligatoria,Taller terminal 2,ACOM,ARQ,,,Regular,14,MEFI,HERNAN F.,GOMEZ AMARO,,,,,,,,21:00 - 22:00,sala de maestros - convento,,,,,,,,,
ARQ-191,Obligatoria,Taller terminal 2,ACOMPAÑAM,ARQ,,,Regular,14,MEFI,PAOLA GUADALUPE,PACHECO LIRA,,,,,,,,21:00 - 22:00,sala de maestros - convento,,,,,,,,,
ARQ-192,Obligatoria,Taller terminal 2,B,ARQ,,,Regular,14,MEFI,DAVID,SOSA SOLIS,,,,,,,,21:00 - 22:00,sala de maestros - convento,,,,,,,,,
ARQ-193,Obligatoria,Taller terminal 2,A-MEFI,ARQ,,,Regular,14,MEFI,IRVING RODRIGO,RIVERO BAEZA,,,,,,,,17:00 - 20:00,48 B,17:00 - 20:00,48 B,,,,,,,
ARQ-194,Obligatoria,Taller terminal 2,D,ARQ,,,Regular,14,MEFI,NOEMI MARCELA,LORIA BOTE,,,,,,,,21:00 - 22:00,sala de maestros - convento,,,,,,,,,
ARQ-195,Obligatoria,Taller terminal 2,E,ARQ,,,Regular,14,MEFI,MARIA ELENA,TORRES PEREZ,,,,,,,,21:00 - 22:00,sala de maestros - convento,,,,,,,,,
ARQ-196,Obligatoria,Taller terminal 2,B-MEFI,ARQ,,,Regular,14,MEFI,PAMELA LETICIA,ALCALA CETZ,,,,,,,,17:00 - 20:00,48 C,17:00 - 20:00,48 B,,,,,,,
ARQ-197,Obligatoria,Taller terminal 2,C-MEFI,ARQ,,,Regular,14,MEFI,ROXANA GUADALUPE,ZOZAYA ÁVILA,,,,,,,,15:00 - 18:00,MUSEO 2,15:00 - 18:00,MUSEO 2,,,,,,,
ARQ-198,Obligatoria,Taller terminal 2,D-MEFI,ARQ,,,Regular,14,MEFI,DAVID REYNALDO,ALCOCER GONZALEZ,,,,,,,,17:00 - 20:00,48 C,17:00 - 20:00,48 C,,,,,,,
ARQ-199,Obligatoria,Teorías del pensamiento arquitectónico,A-MEFI,ARQ,,,Regular,6,MEFI,AIDA GEORGINA,MARTINEZ ROSADO,,,,,,,,15:00 - 18:00,MUSEO 1,,,,,,,,,
ARQ-200,Obligatoria,Teorías del pensamiento arquitectónico,B-MEFI,ARQ,,,Regular,6,MEFI,IRVING RODRIGO,RIVERO BAEZA,,,,,,,,12:00 - 15:00,AULA MAGNA,,,,,,,,,
ARQ-201,Obligatoria,Teorías del pensamiento arquitectónico,D-MEFI,ARQ,,,Regular,6,MEFI,VICTOR CUAHTÉMOC,CÁMARA BUENFIL,,,,,,,,16:00 - 19:00,VIRTUAL,,,,,,,,,
ARQ-202,Obligatoria,Teorías del pensamiento arquitectónico,C-MEFI,ARQ,,,Regular,6,MEFI,IRVING RODRIGO,RIVERO BAEZA,,,,,,,,12:00 - 15:00,AULA MAGNA,,,,,,,,,
ARQ-203,Obligatoria,Teorías del pensamiento arquitectónico,ACO,ARQ,,,Regular,6,MEFI,IRVING RODRIGO,RIVERO BAEZA,,,,,,,,21:00 - 22:00,sala de maestros - convento,,,,,,,,,
ARQ-204,Optativa,Acuarela para arquitectura,A-MEFI,ARQ,,,Regular,4,MEFI,ANA LESLIE DEL CARMEN,ESCALANTE CANTO,,,,,,,,14:00 - 18:00,BOVEDA 2,,,,,,,,,
ARQ-205,Optativa,Animación,A,ARQ,,,Regular,6,MEFI,RAMON FRANCISCO,ROSADO ROSADO,,,,,,,,18:00 - 20:00,B4 (Ex Biblioteca),18:00 - 20:00,B4 (Ex Biblioteca),,,,,,,
ARQ-206,Optativa,Apreciación artística,A,ARQ,,,Regular,6,MEFI,LUIS ADOLFO,CRUCES GOMEZ,,,,,,,,7:00 - 10:00,57-4,,,,,,,,,
ARQ-207,Optativa,Apreciación cinematográfica,A,ARQ,,,Regular,6,MEFI,MANUEL ALEJANDRO,ESCOFFIE DUARTE,,,,,,,,9:00 - 13:00,AUDIOVISUAL-50,,,,,,,,,
ARQ-208,Optativa,Dibujo al Natural,A-MEFI,ARQ,,,Regular,6,MEFI,JUAN CARLOS,CHAB MEDINA,,,,,,,,10:00 - 14:00,BOVEDA 2,,,,,,,,,
ARQ-209,Optativa,Diseño Bioclimático,A,ARQ,,,Regular,6,MEFI,NOEMI MARCELA,LORIA BOTE,,,,,,,,9:00 - 11:00,VIRTUAL,9:00 - 11:00,VIRTUAL,,,,,,,
ARQ-210,Optativa,Diseño para impresión 3D y fabricación digital,A-MEFI,ARQ,,,Regular,6,MEFI,LUIS ALBERTO,MAYORGA VERA,,,,,,,,8:00 - 10:00,TALLER VERDE,8:00 - 10:00,TALLER VERDE,,,,,,,
ARQ-211,Optativa,Estrategias para el diseño sustentable,A-MEFI,ARQ,,,Regular,6,MEFI,ARLEES YSRAEL,DIAZ SALAZAR,,,,,,,,18:00 - 20:00,VIRTUAL,18:00 - 20:00,VIRTUAL,,,,,,,
ARQ-212,Optativa,Fotografía arquitectónica,A,ARQ,,,Regular,6,MEFI,JAVIER,BARRERA PERERA,,,,,,,,16:00 - 18:00,48 B,16:00 - 18:00,48 B,,,,,,,
ARQ-213,Optativa,Gestión del Estrés para estudiantes Universitarios,A,ARQ,,,Regular,5,MEFI,CARLOS ALBERTO,LOPE GONZALEZ,,,,,,,,10:00 - 13:00,48 A,,,,,,,,,
ARQ-214,Optativa,Ilustración Tradicional,A,ARQ,,,Regular,6,MEFI,JUAN CARLOS,CHAB MEDINA,,,,,,,,10:00 - 13:00,BOVEDA 2,,,,,,,,,
ARQ-215,Optativa,Introducción a la práctica profesional en arquitectura,A-MEFI,ARQ,,,Regular,3,MEFI,MARIO ALBERTO,PENICHE LOPEZ,,,,,,,,7:00 - 11:00,Salón Agencia,,,,,,,,,
ARQ-216,Optativa,Laboratorio de fotografía en blanco y negro,A-MEFI,ARQ,,,Regular,6,MEFI,SHIRLEY MELISA,GOMEZ GONZALEZ,,,,,,,,10:00 - 14:00,LABORATORIO FOTOGRAFICO 1,,,,,,,,,
ARQ-217,Optativa,Modelado digital,A-MEFI,ARQ,,,Regular,8,MEFI,ANTONIO RENÉ,RUBIO CANTO,,,,,,,,11:00 - 13:00,COMPUTO 2,11:00 - 13:00,COMPUTO 2,,,,,,,
ARQ-218,Optativa,Modelado digital,B-MEFI,ARQ,,,Regular,8,MEFI,ANTONIO RENÉ,RUBIO CANTO,,,,,,,,15:00 - 17:00,COMPUTO 2,15:00 - 17:00,COMPUTO 2,,,,,,,
ARQ-219,Optativa,Perspectiva a mano alzada,A,ARQ,,,Regular,6,MEFI,MERCEDES JULIETA,LUNA BRETON,,,,,,,,8:00 - 10:00,Centro Cultural 1,8:00 - 10:00,Centro Cultural 1,,,,,,,
ARQ-220,Optativa,Políticas Culturales,A,ARQ,,,Regular,6,MEFI,GIOVANNA ELIA MINERVA,MÉZQUITA MENDEZ,,,,,,,,7:00 - 10:00,AULA AZUL,,,,,,,,,
ARQ-221,Optativa,Serigrafía,A,ARQ,,,Regular,6,MEFI,RAMON FRANCISCO,ROSADO ROSADO,,,,,,,,9:00 - 13:00,LABORATORIO SERIGRAFIA,,,,,,,,,
ARQ-222,Optativa,Sketch Urbano-Arquitectónico,A-MEFI,ARQ,,,Regular,6,MEFI,SHEILA ISABEL,IRIGOYEN ZOZAYA,,,,,,,,9:00 - 11:00,AULA VERDE,9:00 - 11:00,BOVEDA 2,,,,,,,
ARQ-223,Optativa,Taller de escritura creativa,A-MEFI,ARQ,,,Regular,4,MEFI,MARIO,MENDICUTI ABARCA,,,,,,,,8:00 - 9:30,57-4,8:00 - 9:30,AUDIOVISUAL,,,,,,,
ARQ-224,Optativa,Árboles para la ciudad,A,ARQ,,,Regular,6,MEFI,LUIS FERNANDO,BRITO CASTILLO,,,,,,,,7:00 - 8:30,48 A,7:00 - 10:00,48 A,,,,,,,
ARQ-225,Optativa,Acuarela y gouache,A,ARQ,3,,Regular,6,MEFI,MERCEDES JULIETA,LUNA BRETON,,,,,,,,10:00 - 13:00,Centro Cultural 1,10:00 - 13:00,Centro Cultural 1,,,,,,,
ARQ-226,Optativa,Acuarela y gouache,ACOMP,ARQ,3,,Regular,6,MEFI,MERCEDES JULIETA,LUNA BRETON,,,,,,,,22:01 - 22:15,Centro Cultural 1,,,,,,,,,
ARQ-227,Optativa,Arquitectura de paisaje,A-MEFI,ARQ,3,,Regular,6,MEFI,ERIDANI BEATRIZ,MAGAÑA MEDINA,,,,,,,,13:00 - 15:00,BOVEDA 2,13:00 - 15:00,BOVEDA 2,,,,,,,
ARQ-228,Optativa,Arquitectura de paisaje,B-MEFI,ARQ,3,,Regular,6,MEFI,GRACIELA DEL CARMEN,PERAZA CONTRERAS,,,,,,,,8:00 - 10:00,48 C,8:00 - 10:00,BOVEDA 2,,,,,,,
ARQ-229,Optativa,Arquitectura maya Prehispanica,B-MEFI,ARQ,3,,Regular,6,MEFI,LUIS ANTONIO,LLOVERA RAMIREZ,,,,,,,,9:00 - 13:00,MUSEO 1,,,,,,,,,
ARQ-230,Optativa,Arquitectura maya Prehispanica,A-MEFI,ARQ,3,,Regular,6,MEFI,ANA LESLIE DEL CARMEN,ESCALANTE CANTO,,,,,,,,14:00 - 16:00,AULA AZUL,14:00 - 16:00,AULA AZUL,,,,,,,
ARQ-231,Optativa,Ciudades Futuras,A-MEFI,ARQ,3,,Regular,6,MEFI,YOLANDA,FERNANDEZ MARTINEZ,,,,,,,,9:00 - 13:00,AULA MAGNA,,,,,,,,,
ARQ-232,Optativa,Desarrollo Comunitario y Gestión,A,ARQ,3,,Regular,6,MEFI,MARTHA ALEJANDRA,ARAGON QUINTAL,,,,,,,,9:00 - 13:30,B5 (Ex Biblioteca),,,,,,,,,
ARQ-233,Optativa,Desarrollo Comunitario y Gestión,ACO,ARQ,3,,Regular,6,MEFI,MARTHA ALEJANDRA,ARAGON QUINTAL,,,,,,,,21:00 - 22:00,sala de maestros - convento,,,,,,,,,
ARQ-234,Optativa,Diseño Universal y Gerontoarquitectura,A-MEFI,ARQ,3,,Regular,6,MEFI,ERIDANI BEATRIZ,MAGAÑA MEDINA,,,,,,,,16:00 - 18:00,TALLER VERDE,16:00 - 18:00,TALLER VERDE,,,,,,,
ARQ-235,Optativa,Diseño de interiores,B-MEFI,ARQ,3,,Regular,6,MEFI,FRANCISCO JOSÉ,FERNÁNDEZ CASTILLA,,,,,,,,18:00 - 20:00,BOVEDA 1,18:00 - 20:00,BOVEDA 1,,,,,,,
ARQ-236,Optativa,Diseño de interiores,A-MEFI,ARQ,3,,Regular,6,MEFI,FRANCISCO JOSÉ,FERNÁNDEZ CASTILLA,,,,,,,,16:00 - 18:00,B4 (Ex Biblioteca),16:00 - 18:00,B4 (Ex Biblioteca),,,,,,,
ARQ-237,Optativa,Geometría avanzada,A-MEFI,ARQ,3,,Regular,6,MEFI,JOSE LUIS,COCOM HERRERA,,,,,,,,10:00 - 12:00,TALLER VERDE,10:00 - 12:00,TALLER VERDE,,,,,,,
ARQ-238,Optativa,Geometría avanzada,ACO,ARQ,3,,Regular,6,MEFI,JOSE LUIS,COCOM HERRERA,,,,,,,,21:00 - 22:00,sala de maestros - convento,,,,,,,,,
ARQ-239,Optativa,Género y Ciudad,A-MEFI,ARQ,3,,Regular,6,MEFI,GLADYS NOEMÍ,ARANA LÓPEZ,,,,,,,,18:00 - 20:00,VIRTUAL,18:00 - 20:00,VIRTUAL,,,,,,,
ARQ-240,Optativa,Género y Ciudad,ACO,ARQ,3,,Regular,6,MEFI,GLADYS NOEMÍ,ARANA LÓPEZ,,,,,,,,21:00 - 22:00,sala de maestros - convento,,,,,,,,,
ARQ-241,Optativa,Ilustración Digital,A-MEFI,ARQ,3,,Regular,6,MEFI,ANTONIO RENÉ,RUBIO CANTO,,,,,,,,13:00 - 15:00,COMPUTO 2,13:00 - 15:00,COMPUTO 2,,,,,,,
ARQ-242,Optativa,Ilustración digital II,A,ARQ,3,,Regular,6,MEFI,ANTONIO RENÉ,RUBIO CANTO,,,,,,,,15:00 - 17:00,COMPUTO 2,15:00 - 17:00,COMPUTO 2,,,,,,,
ARQ-243,Optativa,Integración de Presupuestos de Obra Mediante Software,A-MEFI,ARQ,3,,Regular,6,MEFI,JORGE ROLANDO,GARDUÑO CENTENO,,,,,,,,9:00 - 13:00,Biblioteca-3er. piso,,,,,,,,,
ARQ-244,Optativa,Maquetas virtuales,A-MEFI,ARQ,3,,Regular,6,MEFI,ÁLVARO JESÚS,BUENFIL OVANDO,,,,,,,,9:00 - 13:00,COMPUTO 2,,,,,,,,,
ARQ-245,Optativa,Maquetas virtuales,ACO,ARQ,3,,Regular,6,MEFI,ÁLVARO JESÚS,BUENFIL OVANDO,,,,,,,,21:00 - 22:00,sala de maestros - convento,,,,,,,,,
ARQ-246,Optativa,Modelado 3d mediante software,A-MEFI,ARQ,3,,Regular,6,MEFI,JORGE ERNESTO,RUZ SANGUINO,,,,,,,,17:00 - 19:00,COMPUTO 2,17:00 - 19:00,COMPUTO 2,,,,,,,
ARQ-247,Optativa,Sistemas de información geográfica,A-MEFI,ARQ,3,,Regular,6,MEFI,JOSE ANTONIO,GONZALEZ ITURBE AHUMADA,,,,,,,,7:00 - 9:00,B4 (Ex Biblioteca),7:00 - 9:00,B4 (Ex Biblioteca),,,,,,,
ARQ-248,Optativa,Sistemas de información geográfica,ACOM,ARQ,3,,Regular,6,MEFI,JOSE ANTONIO,GONZALEZ ITURBE AHUMADA,,,,,,,,21:00 - 22:00,sala de maestros - convento,,,,,,,,,
ARQ-249,Optativa,Tecnologías Alternativas,A-MEFI,ARQ,3,,Regular,6,MEFI,NOEMI MARCELA,LORIA BOTE,,,,,,,,9:00 - 12:00,VIRTUAL,9:00 - 10:30,VIRTUAL,,,,,,,
ARQ-250,Optativa,Diseño BIM mediante software,A-MEFI,ARQ,3,,Regular,6,MEFI,JORGE ERNESTO,RUZ SANGUINO,,,,,,,,19:00 - 21:00,COMPUTO 2,19:00 - 21:00,COMPUTO 2,,,,,,,
ARQ-251,Optativa,Diseño BIM mediante software,B-MEFI,ARQ,3,,Regular,6,MEFI,JORGE ERNESTO,RUZ SANGUINO,,,,,,,,19:00 - 21:00,COMPUTO 2,19:00 - 21:00,COMPUTO 2,,,,,,,
ARQ-252,Optativa,Diseño BIM mediante software,C-MEFI,ARQ,3,,Regular,6,MEFI,JORGE ALBERTO,MENA ROSADO,,,,,,,,18:00 - 20:00,57-1,18:00 - 20:00,57-1,,,,,,,
ARQ-253,Optativa,Diseño BIM mediante software,ACO,ARQ,3,,Regular,6,MEFI,JORGE ERNESTO,RUZ SANGUINO,,,,,,,,21:00 - 22:00,sala de maestros - convento,,,,,,,,,
ARQ-254,Optativa,Croquis para el diseño arquitectónico,A-MEFI,ARQ,3,,Regular,6,MEFI,ILEANA,JIMENEZ FAJARDO,,,,,,,,8:00 - 10:00,BOVEDA 2,14:00 - 16:00,AULA MAGNA,,,,,,,
ARQ-255,Optativa,Croquis para el diseño arquitectónico,ACO,ARQ,3,,Regular,6,MEFI,ILEANA,JIMENEZ FAJARDO,,,,,,,,21:00 - 22:00,sala de maestros - convento,,,,,,,,,
ARQ-256,Optativa,Introducción al diseño gráfico,A-MEFI,ARQ,3,,Regular,6,MEFI,CARLOS ENRIQUE,LOPEZ CARBAJAL,,,,,,,,10:00 - 12:00,AULA AZUL,10:00 - 12:00,AULA AZUL,,,,,,,
ARQ-257,Optativa,Mediciones en arquitectura,A-MEFI,ARQ,3,,Regular,6,MEFI,DAVID ISRAEL,HU CIAU,,,,,,,,7:00 - 11:00,AULA AZUL,,,,,,,,,
ARQ-258,Optativa,Mediciones en arquitectura,B-MEFI,ARQ,3,,Regular,6,MEFI,DAVID ISRAEL,HU CIAU,,,,,,,,7:00 - 11:00,Salón Agencia,,,,,,,,,
ARQ-259,Optativa,Sistemas constructivos y cuantificación de obra,B-MEFI,ARQ,3,,Regular,6,MEFI,LUCELLY GUADALUPE,CECILIO PUERTO,,,,,,,,9:00 - 11:00,Salón Agencia,7:00 - 9:00,MUSEO 4,,,,,,,
ARQ-260,Optativa,Sistemas constructivos y cuantificación de obra,ACO,ARQ,3,,Regular,6,MEFI,LUCELLY GUADALUPE,CECILIO PUERTO,,,,,,,,21:00 - 22:00,sala de maestros - convento,,,,,,,,,
ARQ-261,Optativa,Teoría del diseño,A-MEFI,ARQ,3,,Regular,6,MEFI,ILEANA,JIMENEZ FAJARDO,,,,,,,,10:00 - 12:00,BOVEDA 2,12:00 - 14:00,AULA MAGNA,,,,,,,
ARQ-262,Optativa,Teoría del diseño,ACO,ARQ,3,,Regular,6,MEFI,ILEANA,JIMENEZ FAJARDO,,,,,,,,21:00 - 22:00,sala de maestros - convento,,,,,,,,,
ARQ-263,Optativa,Acústica,A-MEFI,ARQ,7,,Regular,6,MEFI,JOSE ARTURO,CAMPOS RODRIGUEZ,,,,,,,,16:00 - 20:00,Salón Agencia,,,,,,,,,
ARQ-264,Optativa,Biomímesis,A-MEFI,ARQ,7,,Regular,6,MEFI,LUIS FERNANDO,BRITO CASTILLO,,,,,,,,7:00 - 8:30,48 A,7:30 - 10:00,48 A,,,,,,,
ARQ-265,Optativa,Introducción a la valuación inmobiliaria,A-MEFI,ARQ,7,,Regular,6,MEFI,EDGAR,LAVIADA ARGÁEZ,,,,,,,,7:00 - 9:00,Biblioteca-3er. piso,7:00 - 9:00,Biblioteca-3er. piso,,,,,,,
ARQ-266,Optativa,Introducción a la valuación inmobiliaria,B-MEFI,ARQ,7,,Regular,6,MEFI,LUIS JORGE,GÓMEZ DURÁN,,,,,,,,9:00 - 13:30,MUSEO 4,,,,,,,,,
ARQ-267,Optativa,Investigación para Taller Terminal,A-MEFI,ARQ,7,,Regular,6,MEFI,ADRIAN RENE,CONTRERAS MANZANILLA,,,,,,,,7:00 - 9:00,AULA MAGNA,7:00 - 9:00,AULA MAGNA,,,,,,,
ARQ-268,Optativa,Investigación para Taller Terminal,B-MEFI,ARQ,7,,Regular,6,MEFI,ANTONIO IVAN,GUDIÑO GUAL,,,,,,,,9:00 - 11:00,BOVEDA 1,9:00 - 11:00,BOVEDA 1,,,,,,,
ARQ-269,Optativa,Investigación para Taller Terminal,C-MEFI,ARQ,7,,Regular,6,MEFI,MAESTRO,POR DEFINIR,,,,,,,,16:00 - 18:00,TALLER AZUL,16:00 - 18:00,TALLER AZUL,,,,,,,
ARQ-270,Optativa,Investigación para Taller Terminal,D-MEFI,ARQ,7,,Regular,6,MEFI,VICTOR HUGO,CASTILLA ESCALANTE,,,,,,,,16:00 - 18:00,MUSEO 3,16:00 - 18:00,MUSEO 3,,,,,,,
ARQ-271,Optativa,Modelado de instalaciones mediante software,A-MEFI,ARQ,7,,Regular,6,MEFI,JORGE ERNESTO,RUZ SANGUINO,,,,,,,,9:00 - 11:00,COMPUTO 2,9:00 - 11:00,COMPUTO 2,,,,,,,
ARQ-272,Optativa,Modelado de instalaciones mediante software,ACO,ARQ,7,,Regular,6,MEFI,JORGE ERNESTO,RUZ SANGUINO,,,,,,,,21:00 - 22:00,sala de maestros - convento,,,,,,,,,
ARQ-273,Optativa,Perspectivas mediante software 2,A-MEFI,ARQ,7,,Regular,6,MEFI,JORGE ERNESTO,RUZ SANGUINO,,,,,,,,17:00 - 19:00,COMPUTO 2,17:00 - 19:00,COMPUTO 2,,,,,,,
ARQ-274,Optativa,Psicología ambiental,A-MEFI,ARQ,7,,Regular,6,MEFI,CARLOS ALBERTO,LOPE GONZALEZ,,,,,,,,9:00 - 13:00,MUSEO 2,,,,,,,,,
ARQ-275,Optativa,Psicología ambiental,ACO,ARQ,7,,Regular,6,MEFI,CARLOS ALBERTO,LOPE GONZALEZ,,,,,,,,21:00 - 22:00,sala de maestros - convento,,,,,,,,,
ARQ-276,Optativa,Técnicas de representación digital avanzada,A-MEFI,ARQ,7,,Regular,6,MEFI,JORGE ERNESTO,RUZ SANGUINO,,,,,,,,8:00 - 12:00,AULA VERDE,,,,,,,,,
ARQ-277,Optativa,Vivienda,A-MEFI,ARQ,7,,Regular,6,MEFI,ALI,CAMPOS RUIZ,,,,,,,,11:00 - 13:00,57-2,11:00 - 13:00,57-2,,,,,,,
ARQ-278,Optativa,Vivienda,ACO,ARQ,7,,Regular,6,MEFI,ALI,CAMPOS RUIZ,,,,,,,,21:00 - 22:00,sala de maestros - convento,,,,,,,,,
DH-1,Obligatoria,Análisis de Problemas Ambientales,A,DH,,,Regular,6,MEFI,LUIS FERNANDO,BRITO CASTILLO,,,,,,,,7:00 - 10:00,57-3,8:30 - 10:00,48 B,,,,,,,
DH-2,Obligatoria,Arquitectura y Medio Ambiente,A,DH,,,Regular,7,MEFI,LUIS FERNANDO,BRITO CASTILLO,,,,,,,,8:30 - 11:30,57-3,10:00 - 11:30,57-3,,,,,,,
DH-3,Obligatoria,Cartografía y Sistemas de Información Geográfica 1,A,DH,,,Regular,6,MEFI,JOSE ANTONIO,GONZALEZ ITURBE AHUMADA,,,,,,,,7:00 - 10:00,B4 (Ex Biblioteca),8:30 - 10:00,B4 (Ex Biblioteca),,,,,,,
DH-4,Obligatoria,Desarrollo Comunitario y Gestión,A,DH,,,Regular,8,MEFI,MARTHA ALEJANDRA,ARAGON QUINTAL,,,,,,,,9:00 - 13:30,B5 (Ex Biblioteca),,,,,,,,,
DH-5,Obligatoria,Diseño Básico,A,DH,,,Regular,6,MEFI,JOSE LUIS,COCOM HERRERA,,,,,,,,8:30 - 11:00,BOVEDA 1,9:00 - 11:00,BOVEDA 1,,,,,,,
DH-6,Obligatoria,Diseño Urbano Regional 1,A,DH,,,Regular,6,MEFI,KARLA LETICIA,ALFARO CALDERON,,,,,,,,19:00 - 20:30,48 A,16:00 - 19:00,57-2,,,,,,,
DH-7,Obligatoria,Diseño Urbano,A,DH,,,Regular,6,MEFI,AIDA GEORGINA,MARTINEZ ROSADO,,,,,,,,7:00 - 8:30,B5 (Ex Biblioteca),7:00 - 10:00,B5 (Ex Biblioteca),,,,,,,
DH-8,Obligatoria,Ecología,A,DH,,,Regular,7,MEFI,JUAN CARLOS,CHAB MEDINA,,,,,,,,7:00 - 10:00,B5 (Ex Biblioteca),8:30 - 10:00,B5 (Ex Biblioteca),,,,,,,
DH-9,Obligatoria,Ecosistemas Regionales y Desarrollo,B,DH,,,Regular,8,MEFI,UGO,GÓMEZ OLIVÁN,,,,,,,,8:30 - 10:00,57-2,8:30 - 11:30,57-2,,,,,,,
DH-10,Obligatoria,Equipamiento Urbano,A,DH,,,Regular,7,MEFI,SALMA PRISCILA,GALMICH FRANCO,,,,,,,,7:00 - 8:30,57-3,7:00 - 8:30,57-3,7:00 - 8:30,57-3,,,,,
DH-11,Obligatoria,Estadística,A,DH,,,Regular,8,MEFI,MANUEL JESUS,VAZQUEZ CARVAJAL,,,,,,,,11:00 - 12:30,B4 (Ex Biblioteca),11:00 - 14:00,B4 (Ex Biblioteca),,,,,,,
DH-12,Obligatoria,Evaluación Social y Ambiental de Proyectos,A,DH,,,Regular,6,MEFI,EDUARDO,BATLLORI SAMPEDRO,,,,,,,,8:30 - 10:00,57-3,7:00 - 10:00,57-3,,,,,,,
DH-13,Obligatoria,Financiamiento,B,DH,,,Regular,8,MEFI,ABRAHAM,ECHAZARRETA MORENO,,,,,,,,7:00 - 8:30,57-2,7:00 - 8:30,57-2,7:00 - 8:30,57-2,,,,,
DH-14,Obligatoria,Infraestructura Urbana,A,DH,,,Regular,6,MEFI,LUIS JORGE,GÓMEZ DURÁN,,,,,,,,17:00 - 20:00,57-2,17:00 - 18:30,B5 (Ex Biblioteca),,,,,,,
DH-15,Obligatoria,Legislación Urbana y Ambiental,A,DH,,,Regular,8,MEFI,PENDIENTE,POR CONFIRMAR,,,,,,,,16:00 - 17:30,B5 (Ex Biblioteca),16:00 - 19:00,BOVEDA 2,,,,,,,
DH-16,Obligatoria,Metodología y Técnicas de Investigación II,A,DH,,,Regular,8,MEFI,MARIO ALBERTO,GUTIERREZ Y HERNANDEZ,,,,,,,,17:30 - 20:30,B5 (Ex Biblioteca),19:00 - 20:30,B5 (Ex Biblioteca),,,,,,,
DH-17,Obligatoria,Metodología y Técnicas de Investigación,A,DH,,,Regular,7,MEFI,RUBI ELINA,RUIZ Y SABIDO,,,,,,,,10:00 - 11:30,B5 (Ex Biblioteca),10:00 - 13:00,B5 (Ex Biblioteca),,,,,,,
DH-18,Obligatoria,Planeamiento Urbano - Regional,A,DH,,,Regular,7,MEFI,OSCAR ULISES,BATÚN LARA,,,,,,,,17:00 - 18:30,48 A,17:00 - 20:00,57-4,,,,,,,
DH-19,Obligatoria,Políticas Públicas y Administración Municipal,B,DH,,,Regular,8,MEFI,KARLA LETICIA,ALFARO CALDERON,,,,,,,,16:00 - 19:00,BOVEDA 2,19:00 - 20:30,48 A,,,,,,,
DH-20,Obligatoria,Taller Terminal 1,A,DH,,,Regular,18,MEFI,KARLA ALEJANDRA,GONZALEZ AVILA,,,,,,,,17:00 - 21:00,BOVEDA 2,17:00 - 21:00,BOVEDA 2,17:00 - 21:00,BOVEDA 2,,,,,
DH-21,Obligatoria,Taller Terminal 2,A,DH,,,Regular,18,MEFI,MARTHA ALEJANDRA,ARAGON QUINTAL,,,,,,,,16:00 - 20:00,B5 (Ex Biblioteca),16:00 - 20:00,B5 (Ex Biblioteca),16:00 - 20:00,B5 (Ex Biblioteca),,,,,
DH-22,Obligatoria,Taller de Diseño y Desarrollo A Gestión,B,DH,,,Regular,12,MEFI,DANE AMAURY,SANTILLAN MORALES,,,,,,,,17:00 - 20:00,48 A,17:00 - 20:00,48 A,17:00 - 20:00,48 A,,,,,
DH-23,Obligatoria,Taller de Diseño y Desarrollo A Planeamiento,B,DH,,,Regular,12,MEFI,ROBERTO,REYES PEREZ,,,,,,,,13:00 - 16:00,57-3,13:00 - 16:00,57-3,13:00 - 16:00,57-3,,,,,
DH-24,Obligatoria,Taller de Diseño y Desarrollo A Proyectación,B,DH,,,Regular,12,MEFI,ERIC,FAJARDO COLLÍ,,,,,,,,16:00 - 19:00,48 C,16:00 - 19:00,BOVEDA 1,16:00 - 19:00,48 C,,,,,
DH-25,Obligatoria,Taller de Diseño y Desarrollo B Gestión,A,DH,,,Regular,12,MEFI,OSCAR ULISES,BATÚN LARA,,,,,,,,17:00 - 20:00,Centro Cultural 1,17:00 - 20:00,Centro Cultural 1,17:00 - 20:00,Centro Cultural 1,,,,,
DH-26,Obligatoria,Taller de Diseño y Desarrollo B Planeamiento,A,DH,,,Regular,12,MEFI,MARTHA BEATRIZ,VERDUGO CHAN,,,,,,,,16:00 - 19:00,57-2,16:00 - 19:00,57-2,16:00 - 19:00,57-2,,,,,
DH-27,Obligatoria,Taller de Diseño y Desarrollo B Proyectación,A,DH,,,Regular,12,MEFI,LAURA DEL SOCORRO,YAM FERNANDEZ,,,,,,,,16:00 - 19:00,57-3,16:00 - 19:00,57-3,16:00 - 19:00,57-3,,,,,
DH-28,Obligatoria,Teoría e Historia del Hábitat 1,A,DH,,,Regular,8,MEFI,ROBERTO,REYES PEREZ,,,,,,,,8:30 - 11:30,B5 (Ex Biblioteca),10:00 - 11:30,B5 (Ex Biblioteca),,,,,,,
DH-29,Obligatoria,Teoría e Historia del Hábitat 2,A,DH,,,Regular,8,MEFI,OSCAR ULISES,BATÚN LARA,,,,,,,,7:00 - 8:30,48 B,7:00 - 8:30,48 B,7:00 - 8:30,48 B,,,,,
DH-30,Obligatoria,Teorías del Desarrollo Económico Regional,A,DH,,,Regular,8,MEFI,DAVID,SALAS AVILA,,,,,,,,15:00 - 16:30,VIRTUAL,7:00 - 10:00,VIRTUAL,,,,,,,
DH-31,Obligatoria,Técnicas de Representación 1,A,DH,,,Regular,6,MEFI,YURI ALEJANDRINA,ALEJOS PECH,,,,,,,,7:00 - 8:30,B5 (Ex Biblioteca),7:00 - 10:00,B5 (Ex Biblioteca),,,,,,,
DH-32,Obligatoria,Técnicas de Representación 2,A,DH,,,Regular,6,MEFI,ERIDANI BEATRIZ,MAGAÑA MEDINA,,,,,,,,9:00 - 10:30,COMPUTO 2,9:00 - 12:00,COMPUTO 2,,,,,,,
DH-33,Optativa,Acuarela y Gouache,A,DH,,,Regular,8,MEFI,MERCEDES JULIETA,LUNA BRETON,,,,,,,,10:00 - 13:00,Centro Cultural 1,10:00 - 13:00,Centro Cultural 1,,,,,,,
DH-34,Optativa,Animación,A,DH,,,Regular,6,MEFI,RAMON FRANCISCO,ROSADO ROSADO,,,,,,,,18:00 - 20:00,B4 (Ex Biblioteca),18:00 - 20:00,B4 (Ex Biblioteca),,,,,,,
DH-35,Optativa,Apreciación Cinematográfica,A,DH,,,Regular,6,MEFI,MANUEL ALEJANDRO,ESCOFFIE DUARTE,,,,,,,,9:00 - 13:00,AUDIOVISUAL-50,,,,,,,,,
DH-36,Optativa,Biomímesis,A-MEFI,DH,,,Regular,6,MEFI,LUIS FERNANDO,BRITO CASTILLO,,,,,,,,7:00 - 8:30,48 A,7:30 - 10:00,48 A,,,,,,,
DH-37,Optativa,Ciudades Futuras,A,DH,,,Regular,6,MEFI,YOLANDA,FERNANDEZ MARTINEZ,,,,,,,,9:00 - 13:00,AULA MAGNA,,,,,,,,,
DH-38,Optativa,Dibujo al Natural,A,DH,,,Regular,6,MEFI,JUAN CARLOS,CHAB MEDINA,,,,,,,,10:00 - 14:00,BOVEDA 2,,,,,,,,,
DH-39,Optativa,Estrategias para el diseño sustentable,A,DH,,,Regular,6,MEFI,ARLEES YSRAEL,DIAZ SALAZAR,,,,,,,,18:00 - 20:00,VIRTUAL,18:00 - 20:00,VIRTUAL,,,,,,,
DH-40,Optativa,Formación de Emprendedores,A,DH,,,Regular,6,MEFI,HECTOR,CABAÑAS MARRUFO,,,,,,,,18:00 - 21:00,MUSEO 5,,,,,,,,,
DH-41,Optativa,Fotografía,A,DH,,,Regular,6,MEFI,ROGER IRAN,MENDEZ CARRILLO,,,,,,,,16:00 - 19:00,57-1,16:00 - 19:00,Corredores TUAV,,,,,,,
DH-42,Optativa,Fotografía,B,DH,,,Regular,6,MEFI,IGNACIO JOSE,RIVERO BULNES,,,,,,,,16:00 - 19:00,Corredores TUAV,16:00 - 19:00,57-1,,,,,,,
DH-43,Optativa,Fundamentos de la Fotografía,A,DH,,,Regular,6,MEFI,ROGER IRAN,MENDEZ CARRILLO,,,,,,,,13:00 - 16:00,57-4,,,,,,,,,
DH-44,Optativa,Fundamentos de la Fotografía,B,DH,,,Regular,6,MEFI,IGNACIO JOSE,RIVERO BULNES,,,,,,,,13:00 - 16:00,57-1,,,,,,,,,
DH-45,Optativa,Gestión del Estrés para estudiantes universitarios,A,DH,,,Regular,5,MEFI,CARLOS ALBERTO,LOPE GONZALEZ,,,,,,,,10:00 - 13:00,48 A,,,,,,,,,
DH-46,Optativa,Perspectiva a mano alzada,A,DH,,,Regular,6,MEFI,MERCEDES JULIETA,LUNA BRETON,,,,,,,,8:00 - 10:00,Centro Cultural 1,8:00 - 10:00,Centro Cultural 1,,,,,,,
DH-47,Optativa,Políticas Culturales,A,DH,,,Regular,6,MEFI,GIOVANNA ELIA MINERVA,MÉZQUITA MENDEZ,,,,,,,,7:00 - 10:00,AULA AZUL,,,,,,,,,
DH-48,Optativa,Taller de Dibujo al Natural,A,DH,,,Regular,6,MEFI,JUAN CARLOS,CHAB MEDINA,,,,,,,,10:00 - 14:00,BOVEDA 2,,,,,,,,,
DH-49,Optativa,Taller de Escritura Creativa,A,DH,,,Regular,4,MEFI,MARIO,MENDICUTI ABARCA,,,,,,,,8:00 - 9:30,48 D,8:00 - 9:30,57-4,,,,,,,
DH-50,Optativa,Taller experiemntal de cianotipia,A,DH,,,Regular,6,MEFI,POR CONFIRMAR,POR CONFIRMAR,,,,,,,,10:00 - 13:00,LABORATORIO FOTOGRAFICO 1,,,,,,,,,
DH-51,Optativa,Árboles para la Ciudad,A,DH,,,Regular,6,MEFI,LUIS FERNANDO,BRITO CASTILLO,,,,,,,,7:00 - 8:30,48 A,7:00 - 10:00,48 A,,,,,,,
DH-52,Optativa,Ilustración Digital,A,DH,,,Regular,6,MEFI,ANTONIO RENÉ,RUBIO CANTO,,,,,,,,13:00 - 15:00,COMPUTO 2,13:00 - 15:00,COMPUTO 2,,,,,,,
DH-53,Optativa,Arquitectura y Patrimonio (Maya),A,DH,,,Regular,5,MEFI,ANA LESLIE DEL CARMEN,ESCALANTE CANTO,,,,,,,,14:00 - 16:00,BOVEDA 2,14:00 - 16:00,BOVEDA 2,,,,,,,
DH-54,Optativa,Comunicación Verbal,A,DH,,,Regular,6,MEFI,CARLOS ALBERTO,LOPE GONZALEZ,,,,,,,,8:30 - 10:00,48 A,8:30 - 11:30,48 A,,,,,,,
DH-55,Optativa,Diseño Bioclimático,A,DH,,,Regular,6,MEFI,NOEMI MARCELA,LORIA BOTE,,,,,,,,9:00 - 11:00,VIRTUAL,9:00 - 11:00,VIRTUAL,,,,,,,
DH-56,Optativa,Presentación Digital de Proyectos y Maquetas Virtuales,A,DH,,,Regular,6,MEFI,VICTOR CUAHTÉMOC,CÁMARA BUENFIL,,,,,,,,17:00 - 19:30,VIRTUAL,18:00 - 20:00,VIRTUAL,,,,,,,
DH-57,Optativa,Tecnologías Alternativas,A,DH,,,Regular,8,MEFI,NOEMI MARCELA,LORIA BOTE,,,,,,,,9:00 - 12:00,VIRTUAL,9:00 - 10:30,VIRTUAL,,,,,,,
DH-58,Optativa,Topografía y Sistemas de Medición,B,DH,,,Regular,6,MEFI,DAVID ISRAEL,HU CIAU,,,,,,,,7:00 - 11:00,Salón Agencia,,,,,,,,,
DH-59,Optativa,Topografía y Sistemas de Medición,A,DH,,,Regular,6,MEFI,DAVID ISRAEL,HU CIAU,,,,,,,,7:00 - 11:00,AULA AZUL,,,,,,,,,
DH-60,Optativa,Vivienda,A,DH,,,Regular,7,MEFI,ALI,CAMPOS RUIZ,,,,,,,,11:00 - 13:00,57-2,11:00 - 13:00,57-2,,,,,,,
DH-61,Optativa,Arquitectura de Paisaje,A,DH,,,Regular,6,MEFI,GRACIELA DEL CARMEN,PERAZA CONTRERAS,,,,,,,,8:00 - 10:00,48 C,8:00 - 10:00,BOVEDA 2,,,,,,,
DH-62,Optativa,Cartografía y Sistemas de Información Geográfica 2,A,DH,,,Regular,6,MEFI,JOSE ANTONIO,GONZALEZ ITURBE AHUMADA,,,,,,,,7:00 - 8:30,B4 (Ex Biblioteca),7:00 - 10:00,B4 (Ex Biblioteca),,,,,,,
DH-63,Optativa,Género y Cultura,A,DH,,,Regular,8,MEFI,GLADYS NOEMÍ,ARANA LÓPEZ,,,,,,,,18:00 - 20:00,VIRTUAL,18:00 - 20:00,VIRTUAL,,,,,,,
DH-64,Optativa,Psicología Ambiental,B,DH,,,Regular,8,MEFI,CARLOS ALBERTO,LOPE GONZALEZ,,,,,,,,9:00 - 13:00,MUSEO 2,,,,,,,,,
DH-65,Optativa,Sociología Urbana,A,DH,,,Regular,8,MEFI,KARLA ALEJANDRA,GONZALEZ AVILA,,,,,,,,17:00 - 18:30,57-3,17:00 - 20:00,57-3,,,,,,,
DH-66,Optativa,Valuación Inmobiliaria,A,DH,,,Regular,7,MEFI,LUIS JORGE,GÓMEZ DURÁN,,,,,,,,9:00 - 13:30,MUSEO 4,,,,,,,,,
DH-67,Optativa,Valuación Inmobiliaria,A-MEFI,DH,,,Regular,7,MEFI,EDGAR,LAVIADA ARGÁEZ,,,,,,,,7:00 - 9:00,48 D,7:00 - 9:00,48 D,,,,,,,
DH-68,Optativa,Vialidad y Transporte,A,DH,,,Regular,8,MEFI,OSCAR ULISES,BATÚN LARA,,,,,,,,9:00 - 13:30,AULA AZUL,,,,,,,,,
AV-1,Obligatoria,Análisis Semiótico,A,AV,,,Regular,6,MEFI,JESUS ANTONIO,PEREZ ARANDA,,,,,,,,15:00 - 18:00,AUDIOVISUAL-50,,,,,,,,,
AV-2,Obligatoria,Análisis Semiótico,ACOMP,AV,,,Regular,6,MEFI,JESUS ANTONIO,PEREZ ARANDA,,,,,,,,21:00 - 22:00,Por definir,,,,,,,,,
AV-3,Obligatoria,Análisis Crítico del Arte,A,AV,,,Regular,6,MEFI,MARIA TERESA,MEZQUITA MENDEZ,,,,,,,,7:00 - 10:00,AUDIOVISUAL-50,,,,,,,,,
AV-4,Obligatoria,Análisis Crítico del Arte,ACOM,AV,,,Regular,6,MEFI,MARIA TERESA,MEZQUITA MENDEZ,,,,,,,,21:45 - 21:55,Por definir,,,,,,,,,
AV-5,Obligatoria,Aplicación de la Metodología y Técnicas de la Investigación en las Artes Visuales,A,AV,,,Regular,6,MEFI,ISELA GUADALUPE,GONZÁLEZ MARÍN,,,,,,,,15:00 - 18:00,AULA VERDE,,,,,,,,,
AV-6,Obligatoria,Aplicación de la Metodología y Técnicas de la Investigación en las Artes Visuales,ACOM,AV,,,Regular,6,MEFI,ISELA GUADALUPE,GONZÁLEZ MARÍN,,,,,,,,21:01 - 22:01,Por definir,,,,,,,,,
AV-7,Obligatoria,Arte Mexicano de los Siglos XVI al XXI,A,AV,,,Regular,6,MEFI,CUAUHTEMOC,FERNANDO GARCÉS FIERROS,,,,,,,,18:00 - 21:00,AUDIOVISUAL-50,,,,,,,,,
AV-8,Obligatoria,Arte Mexicano de los Siglos XVI al XXI,ACOM,AV,,,Regular,6,MEFI,CUAUHTEMOC,FERNANDO GARCÉS FIERROS,,,,,,,,21:03 - 22:03,Por definir,,,,,,,,,
AV-9,Obligatoria,Cultura Emprendedora,A,AV,,,Regular,6,MEFI,JUAN JOSÉ,SABIDO BASTARRACHEA,,,,,,,,18:00 - 21:00,AUDIOVISUAL-50,,,,,,,,,
AV-10,Obligatoria,Cultura Emprendedora,ACOM,AV,,,Regular,6,MEFI,JUAN JOSÉ,SABIDO BASTARRACHEA,,,,,,,,21:40 - 21:50,Por definir,,,,,,,,,
AV-11,Obligatoria,Cultura Maya,A,AV,,,Regular,6,MEFI,JORGE ALBERTO,DE JESUS MENDEZ ARCEO,,,,,,,,15:00 - 18:00,AUDIOVISUAL-50,,,,,,,,,
AV-12,Obligatoria,Cultura Maya,ACOM,AV,,,Regular,6,MEFI,JORGE ALBERTO,DE JESUS MENDEZ ARCEO,,,,,,,,21:00 - 22:00,Por definir,,,,,,,,,
AV-13,Obligatoria,Curaduría y Museografía,A,AV,,,Regular,6,MEFI,NAYELI AYDE,MARTINEZ SANCHEZ,,,,,,,,11:00 - 14:00,57-4,,,,,,,,,
AV-14,Obligatoria,Curaduría y Museografía,ACOM,AV,,,Regular,6,MEFI,NAYELI AYDE,MARTINEZ SANCHEZ,,,,,,,,21:15 - 22:15,Por definir,,,,,,,,,
AV-15,Obligatoria,"Desarrollo, Gestión y Evaluación de Proyectos",A,AV,,,Regular,6,MEFI,VERONICA,RODRIGUEZ SERRANO,,,,,,,,10:00 - 13:00,57-1,,,,,,,,,
AV-16,Obligatoria,"Desarrollo, Gestión y Evaluación de Proyectos",ACOM,AV,,,Regular,6,MEFI,VERONICA,RODRIGUEZ SERRANO,,,,,,,,21:19 - 22:19,Por definir,,,,,,,,,
AV-17,Obligatoria,Dibujo I,A,AV,,,Regular,8,MEFI,JENIFFER CRISTAL,GALEANA HURTADO,,,,,,,,14:30 - 17:30,Centro Cultural 1,14:30 - 17:30,Centro Cultural 1,,,,,,,
AV-18,Obligatoria,Dibujo I,B,AV,,,Regular,8,MEFI,MERCEDES JULIETA,LUNA BRETON,,,,,,,,10:00 - 13:00,Centro Cultural 1,10:00 - 13:00,Centro Cultural 1,,,,,,,
AV-19,Obligatoria,Dibujo I,ACOMP,AV,,,Regular,8,MEFI,JENIFFER CRISTAL,GALEANA HURTADO,,,,,,,,21:32 - 21:42,Centro Cultural 1,,,,,,,,,
AV-20,Obligatoria,Dibujo I,ACOMPAÑA,AV,,,Regular,8,MEFI,MERCEDES JULIETA,LUNA BRETON,,,,,,,,21:34 - 21:44,Centro Cultural 1,,,,,,,,,
AV-21,Obligatoria,Dibujo II,A,AV,,,Regular,8,MEFI,MAURICIO ANTONIO,COLLI TUN,,,,,,,,14:00 - 17:00,TALLER DE PINTURA,13:30 - 16:30,TALLER DE PINTURA,,,,,,,
AV-22,Obligatoria,Dibujo II,ACOMP,AV,,,Regular,8,MEFI,MAURICIO ANTONIO,COLLI TUN,,,,,,,,21:36 - 21:46,Por definir,,,,,,,,,
AV-23,Obligatoria,Escultura I,A,AV,,,Regular,8,MEFI,DAVID EDUARDO,MUÑOZ MAY,,,,,,,,10:00 - 16:00,Corredores-TUAV,,,,,,,,,
AV-24,Obligatoria,Escultura I,ACOMP,AV,,,Regular,8,MEFI,DAVID EDUARDO,MUÑOZ MAY,,,,,,,,20:30 - 21:30,Por definir,,,,,,,,,
AV-25,Obligatoria,Escultura II,A,AV,,,Regular,8,MEFI,JOSÉ EDUARDO,MÉNDEZ LÁZARO,,,,,,,,11:00 - 14:00,Corredores-TUAV,13:00 - 16:00,Corredores-TUAV,,,,,,,
AV-26,Obligatoria,Escultura II,B,AV,,,Regular,8,MEFI,EDGAR HUMBERTO,CANUL GONZALEZ,,,,,,,,9:00 - 15:00,Corredores-TUAV,,,,,,,,,
AV-27,Obligatoria,Escultura II,ACOMP,AV,,,Regular,8,MEFI,JOSÉ EDUARDO,MÉNDEZ LÁZARO,,,,,,,,21:20 - 21:30,Por definir,,,,,,,,,
AV-28,Obligatoria,Escultura II,ACOMPAÑ,AV,,,Regular,8,MEFI,EDGAR HUMBERTO,CANUL GONZALEZ,,,,,,,,21:22 - 21:30,Por definir,,,,,,,,,
AV-29,Obligatoria,Estampa I,A,AV,,,Regular,8,MEFI,JOSE EDUVIGES,POOL OJEDA,,,,,,,,10:00 - 13:00,ANEXO A,10:00 - 13:00,ANEXO A,,,,,,,
AV-30,Obligatoria,Estampa I,B,AV,,,Regular,8,MEFI,JOSE EDUVIGES,POOL OJEDA,,,,,,,,15:00 - 18:00,ANEXO A,15:00 - 18:00,ANEXO A,,,,,,,
AV-31,Obligatoria,Estampa I,ACOMP,AV,,,Regular,8,MEFI,JOSE EDUVIGES,POOL OJEDA,,,,,,,,21:30 - 21:40,Por definir,,,,,,,,,
AV-32,Obligatoria,Estampa II,A,AV,,,Regular,8,MEFI,MAURICIO ANTONIO,COLLI TUN,,,,,,,,8:00 - 14:00,ANEXO A,,,,,,,,,
AV-33,Obligatoria,Estampa II,B,AV,,,Regular,8,MEFI,MAURICIO ANTONIO,COLLI TUN,,,,,,,,8:00 - 14:00,ANEXO A,,,,,,,,,
AV-34,Obligatoria,Estampa II,ACOMP,AV,,,Regular,8,MEFI,MAURICIO ANTONIO,COLLI TUN,,,,,,,,20:50 - 21:00,Por definir,,,,,,,,,
AV-35,Obligatoria,Estética Clásica,A,AV,,,Regular,6,MEFI,JESUS ANTONIO,PEREZ ARANDA,,,,,,,,10:00 - 13:00,AUDIOVISUAL-50,,,,,,,,,
AV-36,Obligatoria,Estética Clásica,ACOMP,AV,,,Regular,6,MEFI,JESUS ANTONIO,PEREZ ARANDA,,,,,,,,21:10 - 22:10,Por definir,,,,,,,,,
AV-37,Obligatoria,Estética Moderna y Contemporánea,A,AV,,,Regular,6,MEFI,NAYELI AYDE,MARTINEZ SANCHEZ,,,,,,,,15:00 - 18:00,MUSEO 1,,,,,,,,,
AV-38,Obligatoria,Estética Moderna y Contemporánea,ACOMP,AV,,,Regular,6,MEFI,NAYELI AYDE,MARTINEZ SANCHEZ,,,,,,,,21:22 - 22:22,Por definir,,,,,,,,,
AV-39,Obligatoria,Experimentación Audio Visual,A,AV,,,Regular,8,MEFI,RAMON FRANCISCO,ROSADO ROSADO,,,,,,,,15:00 - 18:00,B4 (Ex Biblioteca),15:00 - 18:00,B4 (Ex Biblioteca),,,,,,,
AV-40,Obligatoria,Experimentación Audio Visual,ACOMP,AV,,,Regular,8,MEFI,RAMON FRANCISCO,ROSADO ROSADO,,,,,,,,22:28 - 23:28,Por definir,,,,,,,,,
AV-41,Obligatoria,Fotografía,A,AV,,,Regular,8,MEFI,ROGER IRAN,MENDEZ CARRILLO,,,,,,,,16:00 - 19:00,57-1,16:00 - 19:00,Corredores-TUAV,,,,,,,
AV-42,Obligatoria,Fotografía,B,AV,,,Regular,8,MEFI,IGNACIO JOSE,RIVERO BULNES,,,,,,,,16:00 - 19:00,Corredores-TUAV,16:00 - 19:00,57-1,,,,,,,
AV-43,Obligatoria,Fotografía,ACOMP,AV,,,Regular,8,MEFI,ROGER IRAN,MENDEZ CARRILLO,,,,,,,,21:45 - 21:55,Por definir,,,,,,,,,
AV-44,Obligatoria,Fotografía,ACOMPAÑ,AV,,,Regular,8,MEFI,IGNACIO JOSE,RIVERO BULNES,,,,,,,,21:28 - 22:28,Por definir,,,,,,,,,
AV-45,Obligatoria,Fundamentos de la Composición Visual,A,AV,,,Regular,8,MEFI,MERCEDES JULIETA,LUNA BRETON,,,,,,,,7:00 - 10:00,Centro Cultural 1,7:00 - 10:00,Centro Cultural 1,,,,,,,
AV-46,Obligatoria,Fundamentos de la Composición Visual,B,AV,,,Regular,8,MEFI,VERONICA,RODRIGUEZ SERRANO,,,,,,,,7:00 - 10:00,57-1,7:00 - 10:00,57-1,,,,,,,
AV-47,Obligatoria,Fundamentos de la Composición Visual,ACOMP,AV,,,Regular,8,MEFI,MERCEDES JULIETA,LUNA BRETON,,,,,,,,21:01 - 22:01,pendiente,,,,,,,,,
AV-48,Obligatoria,Fundamentos de la Composición Visual,ACOMPAÑ,AV,,,Regular,8,MEFI,VERONICA,RODRIGUEZ SERRANO,,,,,,,,21:41 - 21:51,Por definir,,,,,,,,,
AV-49,Obligatoria,Fundamentos de la Fotografía,A,AV,,,Regular,6,MEFI,ROGER IRAN,MENDEZ CARRILLO,,,,,,,,13:00 - 16:00,57-4,,,,,,,,,
AV-50,Obligatoria,Fundamentos de la Fotografía,B,AV,,,Regular,6,MEFI,IGNACIO JOSE,RIVERO BULNES,,,,,,,,13:00 - 16:00,57-1,,,,,,,,,
AV-51,Obligatoria,Fundamentos de la Fotografía,ACOM,AV,,,Regular,6,MEFI,ROGER IRAN,MENDEZ CARRILLO,,,,,,,,21:30 - 21:40,Por definir,,,,,,,,,
AV-52,Obligatoria,Fundamentos de la Fotografía,ACOMP,AV,,,Regular,6,MEFI,IGNACIO JOSE,RIVERO BULNES,,,,,,,,21:12 - 21:22,Por definir,,,,,,,,,
AV-53,Obligatoria,Fundamentos de la Imagen Digital,A,AV,,,Regular,8,MEFI,JAVIER,BARRERA PERERA,,,,,,,,18:00 - 21:00,B4 (Ex Biblioteca),18:00 - 21:00,B4 (Ex Biblioteca),,,,,,,
AV-54,Obligatoria,Fundamentos de la Imagen Digital,ACOMP,AV,,,Regular,8,MEFI,JAVIER,BARRERA PERERA,,,,,,,,22:01 - 22:10,Por definir,,,,,,,,,
AV-55,Obligatoria,Fundamentos del Dibujo,A,AV,,,Regular,8,MEFI,NATALIA ISABEL,POLANCO CHI,,,,,,,,10:30 - 13:30,TALLER DE PINTURA,7:00 - 10:00,TALLER DE PINTURA,,,,,,,
AV-56,Obligatoria,Fundamentos del Dibujo,B,AV,,,Regular,8,MEFI,NATALIA ISABEL,POLANCO CHI,,,,,,,,10:00 - 13:00,TALLER DE PINTURA,10:00 - 13:00,TALLER DE PINTURA,,,,,,,
AV-57,Obligatoria,Fundamentos del Dibujo,ACOMP,AV,,,Regular,8,MEFI,NATALIA ISABEL,POLANCO CHI,,,,,,,,22:07 - 22:14,Por definir,,,,,,,,,
AV-58,Obligatoria,Historia del Arte I,A,AV,,,Regular,6,MEFI,CUAUHTEMOC,FERNANDO GARCÉS FIERROS,,,,,,,,10:00 - 13:00,AUDIOVISUAL-50,,,,,,,,,
AV-59,Obligatoria,Historia del Arte I,ACOMP,AV,,,Regular,6,MEFI,CUAUHTEMOC,FERNANDO GARCÉS FIERROS,,,,,,,,22:14 - 22:21,Por definir,,,,,,,,,
AV-60,Obligatoria,Historia del Arte II,A,AV,,,Regular,6,MEFI,NAYELI AYDE,MARTINEZ SANCHEZ,,,,,,,,18:00 - 21:00,AULA VERDE,,,,,,,,,
AV-61,Obligatoria,Historia del Arte II,ACOMP,AV,,,Regular,6,MEFI,NAYELI AYDE,MARTINEZ SANCHEZ,,,,,,,,21:49 - 21:59,Por definir,,,,,,,,,
AV-62,Obligatoria,Historia del Arte III,A,AV,,,Regular,6,MEFI,MARIA TERESA,MEZQUITA MENDEZ,,,,,,,,7:00 - 10:00,AUDIOVISUAL-50,,,,,,,,,
AV-63,Obligatoria,Historia del Arte III,ACOMP,AV,,,Regular,6,MEFI,MARIA TERESA,MEZQUITA MENDEZ,,,,,,,,21:49 - 21:53,Por definir,,,,,,,,,
AV-64,Obligatoria,Integración de Proyectos Artísticos,A,AV,,,Regular,6,MEFI,EDGAR HUMBERTO,CANUL GONZALEZ,,,,,,,,15:00 - 18:00,AUDIOVISUAL-50,,,,,,,,,
AV-65,Obligatoria,Integración de Proyectos Artísticos,ACOMPA,AV,,,Regular,6,MEFI,EDGAR HUMBERTO,CANUL GONZALEZ,,,,,,,,21:11 - 21:21,Por definir,,,,,,,,,
AV-66,Obligatoria,Introducción a las Artes Visuales,A,AV,,,Regular,6,MEFI,NAYELI AYDE,MARTINEZ SANCHEZ,,,,,,,,10:00 - 13:00,AUDIOVISUAL-50,,,,,,,,,
AV-67,Obligatoria,Introducción a las Artes Visuales,ACOMP,AV,,,Regular,6,MEFI,NAYELI AYDE,MARTINEZ SANCHEZ,,,,,,,,22:10 - 22:15,Por definir,,,,,,,,,
AV-68,Obligatoria,Metodología y Técnicas de la Investigación,A,AV,,,Regular,6,MEFI,ISELA GUADALUPE,GONZÁLEZ MARÍN,,,,,,,,10:00 - 13:00,AULA VERDE,,,,,,,,,
AV-69,Obligatoria,Metodología y Técnicas de la Investigación,ACOM,AV,,,Regular,6,MEFI,ISELA GUADALUPE,GONZÁLEZ MARÍN,,,,,,,,21:14 - 21:24,Por definir,,,,,,,,,
AV-70,Obligatoria,Nociones para el Ejercicio Profesional de las Artes Visuales,A,AV,,,Regular,6,MEFI,MARITZA ALEJANDRA,MARTINEZ DE COSS,,,,,,,,13:00 - 16:00,57-1,,,,,,,,,
AV-71,Obligatoria,Nociones para el Ejercicio Profesional de las Artes Visuales,ACOMP,AV,,,Regular,6,MEFI,MARITZA ALEJANDRA,MARTINEZ DE COSS,,,,,,,,22:15 - 22:20,Por definir,,,,,,,,,
AV-72,Obligatoria,Pensamiento Crítico Creativo,A,AV,,,Regular,6,MEFI,LUIS ADOLFO,CRUCES GOMEZ,,,,,,,,7:00 - 10:00,AUDITORIO,,,,,,,,,
AV-73,Obligatoria,Pensamiento Crítico Creativo,ACOMP,AV,,,Regular,6,MEFI,LUIS ADOLFO,CRUCES GOMEZ,,,,,,,,22:19 - 22:29,Por definir,,,,,,,,,
AV-74,Obligatoria,Pintura I,A,AV,,,Regular,8,MEFI,JENIFFER CRISTAL,GALEANA HURTADO,,,,,,,,11:00 - 14:00,TALLER DE PINTURA,7:00 - 10:00,TALLER DE PINTURA,,,,,,,
AV-75,Obligatoria,Pintura I,ACOMP,AV,,,Regular,8,MEFI,JENIFFER CRISTAL,GALEANA HURTADO,,,,,,,,21:13 - 21:20,Por definir,,,,,,,,,
AV-76,Obligatoria,Pintura II,A,AV,,,Regular,8,MEFI,JORGE ALBERTO,DE JESUS MENDEZ ARCEO,,,,,,,,18:00 - 21:00,TALLER DE PINTURA,18:00 - 21:00,TALLER DE PINTURA,,,,,,,
AV-77,Obligatoria,Pintura II,ACOMP,AV,,,Regular,8,MEFI,JORGE ALBERTO,DE JESUS MENDEZ ARCEO,,,,,,,,22:14 - 22:24,Por definir,,,,,,,,,
AV-78,Obligatoria,Producción Artística en Yucatán de los Siglos XIX al XXI,A,AV,,,Regular,6,MEFI,TAIMY MARGARITA,DE LOS ANGELES PEREZ CAAMAL,,,,,,,,13:00 - 16:00,AUDIOVISUAL-50,,,,,,,,,
AV-79,Obligatoria,Producción Artística en Yucatán de los Siglos XIX al XXI,ACOMP,AV,,,Regular,6,MEFI,TAIMY MARGARITA,DE LOS ANGELES PEREZ CAAMAL,,,,,,,,21:16 - 21:26,Por definir,,,,,,,,,
AV-80,Obligatoria,Proyecto Final II,A,AV,,,Regular,10,MEFI,MARITZA ALEJANDRA,MARTINEZ DE COSS,,,,,,,,10:00 - 13:00,57-1,8:30 - 10:30,57-4,,,,,,,
AV-81,Obligatoria,Proyecto Final II,ACOMP,AV,,,Regular,10,MEFI,MARITZA ALEJANDRA,MARTINEZ DE COSS,,,,,,,,21:11 - 21:21,Por definir,,,,,,,,,
AV-82,Obligatoria,Proyecto Final II,B,AV,,,Regular,10,MEFI,ISELA GUADALUPE,GONZÁLEZ MARÍN,,,,,,,,8:00 - 10:00,MUSEO 4,7:00 - 10:00,57-4,,,,,,,
AV-83,Obligatoria,Proyecto Final II,ACOMPAÑ,AV,,,Regular,10,MEFI,ISELA GUADALUPE,GONZÁLEZ MARÍN,,,,,,,,21:12 - 21:22,Por definir,,,,,,,,,
AV-84,Obligatoria,Proyecto final I,A,AV,,,Regular,12,MEFI,TAIMY MARGARITA,DE LOS ANGELES PEREZ CAAMAL,,,,,,,,10:00 - 13:00,57-4,10:00 - 13:00,57-4,,,,,,,
AV-85,Obligatoria,Proyecto final I,B,AV,,,Regular,12,MEFI,ISELA GUADALUPE,GONZÁLEZ MARÍN,,,,,,,,10:00 - 13:00,57-3,7:00 - 10:00,57-1,,,,,,,
AV-86,Obligatoria,Proyecto final I,ACOM,AV,,,Regular,12,MEFI,ISELA GUADALUPE,GONZÁLEZ MARÍN,,,,,,,,21:19 - 21:29,Por definir,,,,,,,,,
AV-87,Obligatoria,Proyecto final I,ACOMPA,AV,,,Regular,12,MEFI,TAIMY MARGARITA,DE LOS ANGELES PEREZ CAAMAL,,,,,,,,21:20 - 21:30,Por definir,,,,,,,,,
AV-88,Obligatoria,Responsabilidad Social Universitaria,A,AV,,,Regular,6,MEFI,MANUEL JESUS,HERRERA GONGORA,,,,,,,,13:22 - 13:32,VIRTUAL,,,,,,,,,
AV-89,Obligatoria,Seminario de Proyectos A,A,AV,,,Regular,9,MEFI,MARITZA ALEJANDRA,MARTINEZ DE COSS,,,,,,,,13:00 - 16:00,57-1,10:30 - 12:00,57-4,,,,,,,
AV-90,Obligatoria,Seminario de Proyectos A,B,AV,,,Regular,9,MEFI,JENIFFER CRISTAL,GALEANA HURTADO,,,,,,,,7:00 - 10:00,57-1,13:00 - 14:30,Centro Cultural 1,,,,,,,
AV-91,Obligatoria,Seminario de Proyectos A,ACOM,AV,,,Regular,9,MEFI,MARITZA ALEJANDRA,MARTINEZ DE COSS,,,,,,,,23:01 - 23:10,Por definir,,,,,,,,,
AV-92,Obligatoria,Seminario de Proyectos A,ACOMPA,AV,,,Regular,9,MEFI,JENIFFER CRISTAL,GALEANA HURTADO,,,,,,,,23:11 - 23:19,Por definir,,,,,,,,,
AV-93,Obligatoria,Seminario de Proyectos B,A,AV,,,Regular,9,MEFI,MARITZA ALEJANDRA,MARTINEZ DE COSS,,,,,,,,7:00 - 10:00,57-1,7:00 - 8:30,57-4,,,,,,,
AV-94,Obligatoria,Seminario de Proyectos B,ACOM,AV,,,Regular,9,MEFI,MARITZA ALEJANDRA,MARTINEZ DE COSS,,,,,,,,21:31 - 21:41,Por definir,,,,,,,,,
AV-95,Obligatoria,Seminario de Proyectos B,B,AV,,,Regular,9,MEFI,NATALIA ISABEL,POLANCO CHI,,,,,,,,9:00 - 10:30,48 B,10:00 - 13:00,48 B,,,,,,,
AV-96,Obligatoria,Seminario de Proyectos B,ACOMPA,AV,,,Regular,9,MEFI,NATALIA ISABEL,POLANCO CHI,,,,,,,,23:06 - 23:16,Por definir,,,,,,,,,
AV-97,Obligatoria,Sociología del Arte,A,AV,,,Regular,6,MEFI,JESUS ANTONIO,PEREZ ARANDA,,,,,,,,10:00 - 13:00,AUDIOVISUAL-50,,,,,,,,,
AV-98,Obligatoria,Sociología del Arte,ACOM,AV,,,Regular,6,MEFI,JESUS ANTONIO,PEREZ ARANDA,,,,,,,,21:33 - 21:43,Por definir,,,,,,,,,
AV-99,Obligatoria,Taller de Comunicación para la Fundamentación de las Artes Visuales,A,AV,,,Regular,6,MEFI,MARIO,MENDICUTI ABARCA,,,,,,,,15:00 - 18:00,AUDIOVISUAL-50,,,,,,,,,
AV-100,Obligatoria,Teoría del Arte,A,AV,,,Regular,6,MEFI,NAYELI AYDE,MARTINEZ SANCHEZ,,,,,,,,14:00 - 17:00,AULA VERDE,,,,,,,,,
AV-101,Obligatoria,Teoría del Arte,ACOMPAÑ,AV,,,Regular,6,MEFI,NAYELI AYDE,MARTINEZ SANCHEZ,,,,,,,,21:01 - 22:01,pendiente,,,,,,,,,
AV-102,Obligatoria,Ética en las Artes Visuales,A,AV,,,Regular,6,MEFI,ALVAR OMAR,CANTO TORRES,,,,,,,,7:00 - 10:00,AUDIOVISUAL-50,,,,,,,,,
AV-103,Optativa,Apreciación artística,A,AV,,,Regular,6,MEFI,LUIS ADOLFO,CRUCES GOMEZ,,,,,,,,7:00 - 10:00,57-4,,,,,,,,,
AV-104,Optativa,Dibujo Artístico,A,AV,,,Regular,6,MEFI,JOSE EDUVIGES,POOL OJEDA,,,,,,,,9:00 - 13:00,Centro Cultural 1,,,,,,,,,
AV-105,Optativa,Gestión del Estrés para estudiantes Universitarios,A,AV,,,Regular,5,MEFI,CARLOS ALBERTO,LOPE GONZALEZ,,,,,,,,10:00 - 13:00,48 A,,,,,,,,,
AV-106,Optativa,"Taller de escritura para artes, diseño del hábitat y arquitectura",A,AV,,,Regular,3,MEFI,MARIO,MENDICUTI ABARCA,,,,,,,,8:00 - 9:30,57-4,8:00 - 9:30,AUDIOVISUAL-50,,,,,,,
AV-107,Optativa,Acrilicos y Lacas,A,AV,,,Regular,6,MEFI,JORGE ALBERTO,DE JESUS MENDEZ ARCEO,,,,,,,,15:00 - 18:00,TALLER DE PINTURA,,,,,,,,,
AV-108,Optativa,Acuarela y gouache,A,AV,,,Regular,6,MEFI,MERCEDES JULIETA,LUNA BRETON,,,,,,,,10:00 - 13:00,Centro Cultural 1,10:00 - 13:00,Centro Cultural 1,,,,,,,
AV-109,Optativa,Acuarela y gouache,ACOMP,AV,,,Regular,6,MEFI,MERCEDES JULIETA,LUNA BRETON,,,,,,,,22:01 - 22:15,Centro Cultural 1,,,,,,,,,
AV-110,Optativa,Animación,A,AV,,,Regular,6,MEFI,RAMON FRANCISCO,ROSADO ROSADO,,,,,,,,18:00 - 20:00,B4 (Ex Biblioteca),18:00 - 20:00,B4 (Ex Biblioteca),,,,,,,
AV-111,Optativa,Animación,ACOM,AV,,,Regular,6,MEFI,RAMON FRANCISCO,ROSADO ROSADO,,,,,,,,22:11 - 22:21,Por definir,,,,,,,,,
AV-112,Optativa,Arte Latinoamericano del siglo XX,A,AV,,,Regular,6,MEFI,EDUARDO JOSÉ,RODRÍGUEZ MEDINA,,,,,,,,7:00 - 10:00,48 B,,,,,,,,,
AV-113,Optativa,Desarrollo Comunitario y Gestión,A,AV,,,Regular,6,MEFI,MARTHA ALEJANDRA,ARAGON QUINTAL,,,,,,,,9:00 - 13:30,B5 (Ex Biblioteca),,,,,,,,,
AV-114,Optativa,Desarrollo Comunitario y Gestión,ACO,AV,,,Regular,6,MEFI,MARTHA ALEJANDRA,ARAGON QUINTAL,,,,,,,,21:00 - 22:00,sala de maestros - convento,,,,,,,,,
AV-115,Optativa,Experimentación plástica,A,AV,,,Regular,6,MEFI,JAVIER,BARRERA PERERA,,,,,,,,18:00 - 21:00,48 B,18:00 - 21:00,48 B,,,,,,,
AV-116,Optativa,Fenomenología del arte,A,AV,,,Regular,6,MEFI,JESUS ANTONIO,PEREZ ARANDA,,,,,,,,10:00 - 13:00,57-1,,,,,,,,,
AV-117,Optativa,Formación Cinematográfica Aplicada,A,AV,,,Regular,6,MEFI,MANUEL ALEJANDRO,ESCOFFIE DUARTE,,,,,,,,9:00 - 13:00,AUDIOVISUAL-50,,,,,,,,,
AV-118,Optativa,Ilustración digital II,A,AV,,,Regular,6,MEFI,ANTONIO RENÉ,RUBIO CANTO,,,,,,,,15:00 - 17:00,COMPUTO 2,15:00 - 17:00,COMPUTO 2,,,,,,,
AV-119,Optativa,Ilustración digital,A,AV,,,Regular,6,MEFI,ANTONIO RENÉ,RUBIO CANTO,,,,,,,,13:00 - 15:00,COMPUTO 2,13:00 - 15:00,COMPUTO 2,,,,,,,
AV-120,Optativa,Ilustración tradicional,A,AV,,,Regular,6,MEFI,JUAN CARLOS,CHAB MEDINA,,,,,,,,10:00 - 13:00,BOVEDA 2,,,,,,,,,
AV-121,Optativa,Introducción a la Conservación del Patrimonio Cultural,A,AV,,,Regular,6,MEFI,CUAUHTEMOC,FERNANDO GARCÉS FIERROS,,,,,,,,10:00 - 14:00,48 A,,,,,,,,,
AV-122,Optativa,Introducción a la Enseñanza Artística,A,AV,,,Regular,6,MEFI,EDUARDO JOSÉ,RODRÍGUEZ MEDINA,,,,,,,,10:00 - 13:00,48 B,,,,,,,,,
AV-123,Optativa,Laboratorio de Fotografía en Blanco y Negro,A,AV,,,Regular,6,MEFI,SHIRLEY MELISA,GOMEZ GONZALEZ,,,,,,,,10:00 - 14:00,LABORATORIO FOTOGRAFICO 1,,,,,,,,,
AV-124,Optativa,Legislación Artística,A,AV,,,Regular,6,MEFI,GIOVANNA ELIA MINERVA,MÉZQUITA MENDEZ,,,,,,,,7:00 - 10:00,AULA AZUL,,,,,,,,,
AV-125,Optativa,Modelado digital,A,AV,,,Regular,6,MEFI,ANTONIO RENÉ,RUBIO CANTO,,,,,,,,15:00 - 17:00,COMPUTO 2,15:00 - 17:00,COMPUTO 2,,,,,,,
AV-126,Optativa,Perspectiva a mano alzada,A,AV,,,Regular,6,MEFI,MERCEDES JULIETA,LUNA BRETON,,,,,,,,8:00 - 10:00,Centro Cultural 1,8:00 - 10:00,Centro Cultural 1,,,,,,,
AV-127,Optativa,Pintura Digital,A,AV,,,Regular,6,MEFI,ANTONIO RENÉ,RUBIO CANTO,,,,,,,,13:00 - 15:00,COMPUTO 2,13:00 - 15:00,COMPUTO 2,,,,,,,
AV-128,Optativa,Políticas Culturales,A,AV,,,Regular,6,MEFI,GIOVANNA ELIA MINERVA,MÉZQUITA MENDEZ,,,,,,,,7:00 - 10:00,AULA AZUL,,,,,,,,,
AV-129,Optativa,Psicología del Arte,A,AV,,,Regular,6,MEFI,RICARDO,JAVIER MARTINEZ SANCHEZ,,,,,,,,10:00 - 13:00,AUDIOVISUAL-50,,,,,,,,,
AV-130,Optativa,Serigrafia ll,A,AV,,,Regular,6,MEFI,RAMON FRANCISCO,ROSADO ROSADO,,,,,,,,7:00 - 13:00,LABORATORIO SERIGRAFIA,,,,,,,,,
AV-131,Optativa,Serigrafía,A,AV,,,Regular,6,MEFI,RAMON FRANCISCO,ROSADO ROSADO,,,,,,,,9:00 - 13:00,LABORATORIO SERIGRAFIA,,,,,,,,,
AV-132,Optativa,Taller Experimental de CIANOTIPIA,A,AV,,,Regular,6,MEFI,PENDIENTE,POR CONFIRMAR,,,,,,,,10:00 - 13:00,LABORATORIO FOTOGRAFICO 1,,,,,,,,,
AV-133,Optativa,Taller Experimental de Estampa,A,AV,,,Regular,8,MEFI,JOSE EDUVIGES,POOL OJEDA,,,,,,,,13:00 - 16:00,ANEXO A,13:00 - 16:00,ANEXO A,,,,,,,
AV-134,Optativa,"Taller de Cómic, Manga y Narrativa Gráfica",A,AV,,,Regular,6,MEFI,JUAN JOSÉ,SABIDO BASTARRACHEA,,,,,,,,15:00 - 17:00,Centro Cultural 1,15:00 - 17:00,Centro Cultural 1,,,,,,,
AV-135,Optativa,Ciudades Futuras,A,AV,,,Regular,6,MEFI,YOLANDA,FERNANDEZ MARTINEZ,,,,,,,,9:00 - 13:00,AULA MAGNA,,,,,,,,,
AV-136,Optativa,Óleo,A,AV,,,Regular,6,MEFI,JORGE ALBERTO,DE JESUS MENDEZ ARCEO,,,,,,,,18:00 - 21:00,TALLER DE PINTURA,,,,,,,,,
